,anger,anticipation,disgust,fear,joy,sadness,surprise,trust
esame,0,0,0,1,0,0,0,0
test,0,0,0,0,0,0,0,0
probabilità,0,1,0,0,0,0,0,0
altezza,0,0,0,0,0,0,0,0
ansia,1,1,0,1,0,1,0,0
chimica,0,0,0,0,0,0,0,0
competenze,0,1,0,0,1,0,1,1
conoscenze,0,0,0,0,0,0,0,0
sangue,0,0,0,1,0,0,0,0
difficoltà,1,0,0,1,0,1,0,0
stato,0,0,0,0,0,0,0,0
esaminatore,0,0,0,0,0,0,0,0
materia,0,0,0,0,0,0,0,0
maturità,0,0,0,0,0,0,0,0
orale,0,0,0,0,0,0,0,0
parolaccia,0,0,0,0,0,0,0,0
patente,0,0,0,0,0,0,0,0
pratico,0,0,0,0,0,0,0,0
preparazione,0,1,0,0,0,0,0,0
professore,0,0,0,0,0,0,0,0
prova,0,0,0,0,0,0,0,0
risultati,0,1,0,0,1,0,0,1
risultato,0,1,0,0,1,0,0,1
scritto,0,0,0,0,0,0,0,0
scuola,0,0,0,0,0,0,0,1
soddisfazione,0,0,0,0,1,0,0,0
studio,0,0,0,0,0,0,0,0
successo,0,1,0,0,1,0,0,0
tensione,1,0,0,0,0,0,0,0
teoria,0,1,0,0,0,0,0,1
università,0,1,0,0,0,0,0,0
universitario,0,0,0,0,0,0,0,0
verifica,0,0,0,0,0,0,0,1
voto,0,1,0,0,1,0,0,1
limite,0,1,0,1,0,0,0,0
programma,0,0,0,0,0,0,0,0
quiz,0,0,0,0,0,0,0,0
simulare,0,0,0,0,0,0,0,0
simulazione,0,0,0,0,0,0,0,0
sperimentare,0,1,0,0,0,0,1,0
istogramma,0,0,0,0,0,0,0,0
matematicamente,0,0,0,0,0,0,0,0
predizione,0,1,0,0,0,0,0,0
calcolo,1,1,0,0,0,0,0,0
economia,0,0,0,0,0,0,0,1
evento,0,0,0,0,0,0,0,0
formula,0,0,0,0,0,0,0,0
matematica,0,0,0,0,0,0,0,0
possibilità,0,1,0,0,0,0,0,0
previsione,0,1,0,0,0,0,0,1
statistica,0,0,0,0,0,0,0,1
stimatore,0,0,0,0,0,0,0,0
albero,1,1,1,0,1,0,1,1
geometria,0,0,0,0,0,0,0,0
massimo,0,0,0,0,0,0,0,0
salto,0,0,0,0,1,0,0,1
aspettazione,0,0,0,0,0,0,0,0
carattere,0,0,0,0,0,0,0,0
città,0,0,0,0,0,0,0,0
congegno,0,0,0,0,0,0,0,0
dilemma,1,0,0,1,0,0,0,0
equazione,0,0,0,0,0,0,0,0
insegnante,0,0,0,0,0,0,0,1
laureato,0,0,0,0,0,0,0,1
mantenere,0,0,0,0,0,0,0,0
media,0,0,0,0,0,0,0,0
pendolo,0,0,0,0,0,0,0,0
periodo,0,0,0,1,0,1,0,0
premessa,0,0,0,0,0,0,0,0
situazione,0,1,1,1,0,1,0,0
studente,0,0,0,0,0,0,0,0
tempo,0,0,0,0,1,0,0,0
velocità,0,0,0,0,0,0,0,0
acqua,0,0,0,0,0,0,0,0
atomo,0,0,0,0,0,0,0,0
branca,0,0,0,0,0,0,0,0
agenti_chimici,0,0,0,0,0,0,0,0
apollonio,0,0,0,0,0,0,0,0
bipolarismo,0,0,0,0,0,0,0,0
emoglobina,0,0,0,0,0,0,0,0
esperimento,0,0,0,0,0,0,0,0
formule,0,0,0,0,0,0,0,1
inorganica,0,0,0,0,0,0,0,0
interazioni,0,0,0,0,0,0,0,0
legami,0,0,0,0,1,0,0,0
molecola,0,0,0,0,0,0,0,0
nomenclatura,0,0,0,0,0,0,0,0
organica,0,0,0,0,0,0,0,0
ossidazione,0,0,0,0,0,0,0,0
particelle,0,0,0,0,0,0,0,0
reazioni,0,0,0,0,0,0,0,0
recupero,0,0,0,0,1,0,0,1
riduzione,0,0,0,0,0,0,0,0
composizione,0,0,0,0,0,0,0,0
condensazione,0,0,0,0,0,0,0,0
decomporre,0,0,0,0,0,0,0,0
elemento,0,0,0,0,0,0,0,0
elettrone,0,0,0,0,0,0,0,0
farmaco,0,0,0,0,0,0,0,0
forza,1,0,0,1,1,0,0,1
gas,0,0,0,0,0,0,0,0
laboratorio,0,0,0,0,0,0,0,0
liquido,0,0,0,0,0,0,0,0
matrice,0,0,0,0,0,0,0,0
metallo,0,0,0,0,0,0,0,0
metano,0,0,0,0,0,0,0,0
microscopio,0,0,0,0,0,0,0,1
mitosi,0,0,0,0,0,0,0,0
organico,0,0,0,0,0,0,0,0
protone,0,0,0,0,0,0,0,0
quantistico,0,0,0,0,0,0,0,0
reazione,0,0,0,0,0,0,0,0
scientifico,0,0,0,0,0,0,0,1
scienza,0,0,0,0,0,0,0,0
sinapsi,0,0,0,0,0,0,0,0
solido,0,0,0,0,0,0,0,0
sostanza,0,0,0,0,0,0,0,0
struttura,0,0,0,0,0,0,0,1
termodinamica,0,0,0,0,0,0,0,0
curricula,0,0,0,0,0,0,0,0
acquisizione,0,0,0,0,0,0,0,0
accademia,0,0,0,0,0,0,0,0
codice,0,0,0,0,0,0,0,0
coefficiente,0,0,0,0,0,0,0,0
complessità,0,0,0,0,0,0,0,0
complesso,0,0,0,0,0,0,0,0
derivata,0,0,0,0,0,0,0,0
dimostrare,0,0,0,0,0,0,0,0
impresa,0,1,0,0,1,0,1,0
molteplice,0,0,0,0,0,0,0,0
selezione,0,0,0,0,0,0,0,0
arte,0,1,0,0,1,1,1,0
biologia,0,0,0,0,0,0,0,0
biosfera,0,0,0,0,0,0,0,0
chimico,0,0,0,0,0,0,0,1
comprensione,0,0,0,0,0,0,0,1
esperto,0,0,0,0,0,0,0,1
fisica,0,0,0,0,0,0,0,1
fisico,0,0,0,0,0,0,0,1
geografia,0,0,0,0,0,0,0,0
logica,0,0,0,0,0,0,0,0
trattare,1,1,1,1,1,1,1,1
responsabilità,0,0,0,0,0,0,0,1
viaggio,0,1,0,1,1,0,1,0
frizione,0,0,0,0,0,0,0,0
macchina,0,0,0,0,0,0,0,1
mentore,0,0,0,0,0,0,0,1
rinnovamento,0,0,0,0,0,0,0,0
segnale,0,0,0,0,0,0,0,0
traffico,0,0,0,0,0,0,0,0
applicazione,0,0,0,0,0,0,0,0
auto-organizzazione,0,1,0,0,1,0,1,1
assistente,0,0,0,0,0,0,0,1
aula,0,0,0,0,0,0,0,0
biofisica,0,0,0,0,0,0,0,0
insegnare,0,0,0,0,1,0,1,1
integrale,0,0,0,0,0,0,0,0
interconnesso,0,0,0,0,0,0,0,0
lavagna,0,0,0,0,0,0,0,0
matematico,0,0,0,0,0,0,0,1
carica,0,0,0,0,0,0,0,0
popolazioni,0,0,0,0,0,0,0,0
ottenere,0,0,0,0,0,0,0,0
prodotti,0,0,0,0,0,0,0,0
approssimazione,0,0,0,0,0,0,0,0
calcolare,0,0,0,0,0,0,0,0
fermare,0,0,0,0,0,0,0,0
prodotto,0,0,0,0,0,0,0,0
record,0,0,0,0,0,0,0,0
analisi,0,0,0,0,0,0,0,0
arteria,0,0,0,0,0,0,0,0
ciclo,0,0,0,0,0,0,0,0
circolo,0,0,0,0,0,0,0,0
collasso,0,0,0,0,0,0,0,0
crimine,1,0,0,1,0,0,0,0
dna,0,0,0,0,0,0,0,0
medicazione,0,0,0,0,0,0,0,0
mezzo,0,0,0,0,0,0,0,0
taglio,1,0,1,1,0,1,0,0
terrorismo,1,0,1,1,0,1,0,0
vena,0,0,0,0,0,0,0,0
grafo,0,0,0,0,0,0,0,0
accademico,0,0,0,0,0,0,0,1
appunti,0,0,0,0,0,0,0,0
assioma,0,0,0,0,0,0,0,1
attività,0,0,0,0,0,0,0,0
classe,0,0,0,0,0,0,0,0
comportamento,0,0,0,0,0,0,0,0
elettromagnetismo,0,0,0,0,0,0,0,0
immaginario,0,0,0,0,0,0,0,0
lezione,0,1,0,0,0,0,0,1
libro,0,0,0,0,0,0,0,0
luogo,0,0,0,0,0,0,0,0
organizzazione,0,1,0,0,1,0,1,1
piano,0,1,0,0,0,0,0,0
poligono,0,0,0,0,0,0,0,0
posto,0,0,0,0,0,0,0,0
promuovere,0,0,0,0,0,0,0,0
ritirare,0,0,0,0,0,1,0,0
alunno,0,0,0,0,0,0,0,0
ambiguità,0,0,0,0,0,0,0,0
apprendimento,0,0,0,0,0,0,0,0
basta,0,0,0,0,0,0,0,0
compiti,0,0,0,0,0,0,0,0
educazione,0,0,0,0,0,0,0,0
esami,0,0,0,1,0,0,0,0
futuro,0,0,0,0,0,0,0,0
giornaliero,0,0,0,0,0,0,0,0
interrogazione,0,0,0,0,0,0,0,0
istituzione,0,0,0,0,0,0,0,0
istruzione,0,0,0,0,0,0,0,1
materie,0,0,0,0,0,0,0,0
professori,0,0,0,0,0,0,0,0
rovina,0,0,0,1,0,1,0,0
stress,0,0,0,1,0,0,0,0
utilità,0,0,0,0,0,0,0,0
voti,0,1,0,0,1,0,0,1
sistema,0,0,0,0,0,0,0,1
studi,0,0,0,0,0,0,0,0
studiare,0,0,0,0,0,0,0,0
suggerimento,0,0,0,0,0,0,0,0
supporto,0,0,0,0,0,0,0,1
vetro,0,0,0,0,0,0,0,0
architetto,0,0,0,0,0,0,0,0
asse,0,1,0,0,0,0,0,0
astronomo,0,1,0,0,0,0,0,0
autore,1,0,1,1,0,1,0,1
biologo,0,0,0,0,0,0,0,0
costante,0,0,0,0,0,0,1,1
cromosoma,0,0,0,0,0,0,0,0
culturale,0,0,0,0,0,0,0,0
ecologo,0,0,0,0,0,0,0,0
formazione,0,0,0,0,0,0,0,0
funzione,0,0,0,0,0,0,0,0
individuo,0,0,0,0,0,0,0,0
materiale,0,0,0,0,0,0,0,0
ragionamento,0,0,0,0,0,0,0,0
razionale,0,0,0,0,0,0,0,1
ricercatore,0,0,0,0,0,0,0,0
scienziato,0,1,0,0,0,0,0,1
scoperta,0,0,0,0,0,0,1,0
specializzazione,0,0,0,0,0,0,0,0
teorema,0,0,0,0,0,0,0,1
ufficio,0,0,0,0,0,0,0,0
molla,0,0,0,0,0,0,0,0
evoluzione,0,0,0,0,0,0,0,0
relatività,0,0,0,0,0,0,0,0
astratto,0,0,0,0,0,0,0,0
cervello,0,0,0,0,0,0,0,0
compito,0,0,0,0,0,0,0,0
copernicana,0,0,0,0,0,0,0,0
darwin,0,0,0,0,0,0,0,0
dimostrazione,0,0,0,0,0,0,0,0
errore,1,0,1,0,0,1,0,0
esempio,0,1,0,0,1,0,0,1
filosofia,0,0,0,0,0,0,0,0
filosofica,0,0,0,0,0,0,0,0
formulazione,0,0,0,0,0,0,0,0
guida,0,0,0,0,0,0,0,1
idea,0,0,0,0,0,0,0,0
ipotesi,0,1,0,0,0,0,1,0
legge,0,0,0,0,0,0,0,0
indimostrato,0,0,0,0,0,0,0,0
pensiero,0,1,0,0,0,0,0,0
pratica,0,0,0,0,0,0,0,0
regola,0,0,0,0,0,0,0,1
ricerca,0,0,0,0,0,0,0,0
rivoluzione,1,1,0,1,0,1,1,0
scientifica,0,0,0,0,0,0,0,1
scuola_guida,0,0,0,0,0,0,0,0
teorico,0,0,0,0,0,0,0,0
tesi,0,0,0,0,0,0,0,0
voce,0,0,0,0,0,0,0,0
allenamento,0,0,0,0,0,0,0,0
dottore,0,0,0,0,0,0,0,0
finanza,0,0,0,0,0,0,0,0
aiuto,0,0,0,0,0,0,0,0
ammissione,0,0,0,0,0,0,0,0
attenzione,1,1,0,1,0,0,0,0
concentrazione,0,0,0,0,0,0,0,0
conoscenza,0,0,0,0,0,0,0,0
fallimento,1,0,1,1,0,1,0,0
ingegneria,0,0,0,0,0,0,0,0
medicina,0,0,0,0,0,0,0,0
omologazione,0,0,0,0,0,0,0,0
punteggio,0,0,0,0,0,0,0,0
risposte,0,0,0,0,0,0,0,0
sociologia,0,0,0,0,0,0,0,0
sportivo,0,0,0,0,0,0,0,0
valutazione,1,0,0,1,0,1,1,1
urna,0,0,0,0,0,1,0,0
8,0,0,0,0,0,0,0,0
9,0,0,0,0,0,0,0,0
alto,0,0,0,0,0,0,0,0
bicchiere,0,0,0,0,0,0,0,0
democrazia,0,0,0,0,0,0,0,0
elezioni,0,0,0,0,0,0,0,0
gara,0,0,0,0,0,0,0,0
giudizio,0,0,0,0,0,0,1,1
gradimento,0,0,0,0,1,0,0,1
gratificazione,0,0,0,0,0,0,0,0
insufficiente,0,0,0,0,0,0,0,0
numero,0,0,0,0,0,0,0,0
obiettivo,0,0,0,0,0,0,0,0
otto,0,0,0,0,0,0,0,0
pieno,0,0,0,0,0,0,0,0
politica,0,0,1,0,0,0,0,0
referendum,0,0,0,0,0,0,0,0
religione,0,0,0,0,0,0,0,1
rosso,0,0,0,0,0,0,0,0
scolastico,0,0,0,0,0,0,0,0
seggio,0,0,0,0,0,0,0,0
serbatoio,0,0,0,0,0,0,0,0
soddisfacente,0,0,0,0,1,0,0,0
sufficiente,0,0,0,0,0,0,0,0
A0,0,0,0,0,0,0,0,0
abilità,0,0,0,0,0,0,0,0
aperto,0,0,0,0,0,0,0,0
tendere,0,0,0,0,0,0,0,0
chiuso,0,0,0,0,0,0,0,0
confine,0,0,0,0,0,0,0,0
sinistra,0,0,0,0,0,0,0,0
destro,0,0,0,0,0,0,0,0
divieto,0,0,0,0,0,0,0,0
fine,0,0,0,0,0,0,0,0
finito,0,0,0,0,0,0,0,0
giulia,0,0,0,0,0,0,0,0
indeterminato,0,0,0,0,0,0,0,0
infinito,1,1,0,1,1,1,0,1
mentale,0,0,0,1,0,0,0,0
mente,0,0,0,0,0,0,0,0
mio,0,0,0,0,0,0,0,0
notevole,0,0,0,0,1,0,1,1
numeri,0,0,0,0,0,0,0,0
obbligo,0,0,0,0,0,0,0,0
ostacolo,1,0,0,1,0,1,0,0
paura,1,1,0,1,0,0,1,0
personale,0,0,0,0,0,0,0,1
x,0,0,0,0,0,0,0,0
pregiudizio,1,0,0,0,0,0,0,0
psichico,0,0,0,1,0,0,0,0
quinto,0,0,0,0,0,0,0,0
sinistro,1,0,1,1,0,0,0,0
stop,0,0,0,0,0,0,0,0
superare,0,1,0,0,1,0,0,0
tendente,0,0,0,0,0,0,0,0
zero,0,0,0,0,0,0,0,0
parte,0,0,0,0,0,0,0,0
algoritmo,0,0,0,0,0,0,0,0
agenda,0,0,0,0,0,0,0,0
alimentare,0,0,0,0,0,0,0,0
azione,0,0,0,0,0,0,0,0
calendarizzazione,0,0,0,0,0,0,0,0
canale,0,0,0,0,0,0,0,0
computer,0,0,0,0,0,0,0,0
d'azione,0,0,0,0,0,0,0,0
divertente,0,1,0,0,1,0,1,0
elenco,0,0,0,0,0,0,0,0
elettorale,0,0,0,0,0,0,0,0
excel,0,0,0,0,0,0,0,0
exe,0,0,0,0,0,0,0,0
film,0,0,0,0,1,0,0,0
impegni,0,0,0,0,1,1,0,1
informatica,0,0,0,0,0,0,0,0
informatico,0,0,0,0,0,0,0,0
inizio,0,1,0,0,0,0,1,0
lavoro,0,0,0,0,0,0,0,0
lista,0,0,0,0,0,0,0,0
obbiettivo,0,1,0,0,0,0,0,1
obiettivi,0,0,0,0,0,0,0,0
orario,0,0,0,0,0,0,0,0
organizzato,0,0,0,0,0,0,0,0
pc,0,0,0,0,0,0,0,0
percorso,0,0,0,0,0,0,0,0
pianificazione,0,1,0,0,0,0,0,1
procedura,0,0,0,0,0,0,0,0
progetto,0,0,0,0,0,0,0,0
protocollo,0,0,0,0,0,0,0,0
pubblicitario,0,0,0,0,0,0,0,0
riunione,0,1,0,0,1,0,0,1
sequenze,0,0,0,0,0,0,0,0
sera,0,0,0,0,0,0,0,0
sistemi,0,0,0,0,0,0,0,1
stupido,1,0,0,0,0,0,0,0
televisione,0,0,0,0,0,0,0,0
televisivo,0,0,0,0,0,0,0,0
tesina,0,0,0,0,0,0,0,0
trasmissivo,0,0,0,0,0,0,0,0
tv,0,0,0,0,0,0,0,0
weekend,0,0,0,0,0,0,0,0
trasmissione,0,0,0,0,0,0,0,0
gioco,0,0,0,0,0,0,0,0
cultura,0,0,0,0,0,0,0,0
domanda,0,0,0,0,0,0,0,0
esito,0,0,0,0,0,0,0,0
pensare,0,0,0,0,0,0,0,0
quesito,0,0,0,0,0,0,0,0
sfida,1,0,0,1,0,1,1,0
calcio,1,1,0,0,1,0,0,0
esercizio,0,0,0,0,1,0,0,0
fallo,0,0,0,0,0,0,0,0
falsità,1,0,1,0,0,0,0,1
felicità,0,1,0,0,1,0,0,0
fingere,0,0,0,0,0,0,0,0
malore,0,0,0,0,0,0,0,0
morte,0,0,0,0,0,1,0,0
oprima,0,0,0,0,0,0,0,0
preparare,0,1,0,0,0,0,0,0
provare,0,0,0,0,0,0,0,0
rigore,0,0,1,1,0,0,0,0
vigliacco,0,0,0,0,0,0,0,0
volo,0,0,0,0,0,0,0,0
small-world,0,0,0,0,0,0,0,0
bluff,0,0,0,0,0,0,0,0
copiare,0,0,0,0,0,0,0,0
difficili,0,0,0,1,0,1,0,0
eliminazione,1,0,1,1,0,1,0,0
finto,0,0,0,0,0,0,0,0
fittizio,0,0,0,0,0,0,0,0
giochi,0,0,0,0,0,0,0,0
guerra,1,0,0,1,0,1,0,0
impegnativa,0,0,0,0,0,0,0,0
inverosimile,0,0,0,0,0,0,0,0
invalsi,0,0,0,0,0,0,0,0
tentativo,0,1,0,0,0,0,0,0
terza_prova,0,0,0,0,0,0,0,0
annotare,0,0,0,0,0,0,0,0
cercare,0,1,0,0,0,0,0,0
condurre,0,0,0,0,0,0,0,0
conoscere,0,0,0,0,0,0,0,0
coraggio,0,0,0,0,0,0,0,1
creare,0,0,0,0,1,0,0,0
curiosità,0,1,0,0,0,0,1,0
dimestichezza,0,0,0,0,0,0,0,0
esperienza,0,0,0,0,1,0,0,0
farmaci,0,0,0,0,0,0,0,0
galileo,0,0,0,0,0,0,0,0
ingegnarsi,0,0,0,0,0,0,0,0
intelletto,0,0,0,0,0,0,0,0
invenzione,0,0,0,0,0,0,0,0
ipotizzare,0,0,0,0,0,0,0,0
metodo,0,0,0,0,0,0,0,0
ricercare,0,0,0,0,0,0,0,0
riprovare,0,0,0,0,0,0,0,0
sbaglio,0,0,0,0,0,0,0,0
scienze,0,0,0,0,0,0,0,0
soluzione,0,0,0,0,0,0,0,0
tentare,0,0,0,0,0,0,0,0
testare,0,0,0,0,0,0,0,0
viaggiare,0,0,0,0,1,0,0,1
barre,1,0,0,0,0,0,0,0
blocco,0,0,0,0,0,0,0,0
colonna,0,0,0,0,0,0,0,0
dati,0,0,0,0,0,0,0,0
diagramma,0,0,0,0,0,0,0,0
grafico,0,0,0,0,0,0,0,1
indice,0,0,0,0,0,0,0,0
pentagramma,0,0,0,0,0,0,0,0
percentuale,0,0,0,0,0,0,0,0
persone,0,0,0,0,0,0,0,0
schema,0,0,0,0,0,0,0,0
scrittura,0,0,0,0,0,0,0,1
segno,0,0,0,0,0,0,0,0
sintesi,0,0,0,0,0,0,0,0
tabella,0,0,0,0,0,0,0,0
torta,0,0,0,0,0,0,0,0
dominio,1,0,0,1,0,1,0,1
algebra,0,0,0,0,0,0,0,0
attrae,0,0,0,0,0,0,0,0
bambini,0,1,0,0,1,0,0,0
certo,0,0,0,0,0,0,0,0
concretamente,0,0,0,0,0,0,0,0
corretto,0,0,0,0,0,0,0,0
determinare,0,0,0,0,0,0,0,0
filosofeggiando,0,0,0,0,0,0,0,0
frazione,0,0,0,0,0,0,0,0
insieme,0,0,0,0,1,0,0,1
logaritmo,0,0,0,0,0,0,0,0
logicamente,0,0,0,0,0,0,0,0
matematizzare,0,0,0,0,0,0,0,0
metodo_scientifico,0,0,0,0,0,0,0,0
parlando,0,0,0,0,0,0,0,0
prevedere,0,1,0,0,0,0,1,1
probabilisticamente,0,0,0,0,0,0,0,0
processo,0,0,0,0,0,0,0,0
radici,0,0,0,0,0,0,0,0
risoluzione,0,0,0,0,0,0,0,0
scientificamente,0,0,0,0,0,0,0,0
semplificare,0,1,0,0,1,0,1,1
triangolo,0,0,0,0,0,0,0,0
astuzia,0,0,0,0,0,0,0,0
avvertimento,0,0,0,1,0,0,0,0
disporre,0,0,0,0,0,0,0,0
disposizione,0,0,0,0,0,0,0,0
incertezza,0,0,0,0,0,0,0,0
intuizione,0,0,0,0,0,0,0,1
sensazione,1,1,1,1,1,1,1,1
algebrico,0,0,0,0,0,0,0,0
decimali,0,0,0,0,0,0,0,0
divisione,0,0,0,0,0,0,0,0
moltiplicazione,0,0,0,0,0,0,0,0
operazioni,0,0,0,1,0,0,0,1
computazione,0,0,0,0,0,0,0,0
logistica,0,0,0,0,0,0,0,0
gravità,0,0,0,1,0,1,0,0
a_priori,0,0,0,0,0,0,0,0
combinazione,0,0,0,0,0,0,0,0
congettura,0,0,0,0,0,0,0,0
determinante,0,0,0,0,0,0,0,0
determinismo,0,0,0,0,0,0,0,0
discussione,1,0,0,0,0,0,0,0
disturbo,1,0,0,1,0,1,1,0
fattore,0,0,0,0,0,0,0,0
derivate,0,0,0,0,0,0,0,0
difficile,0,0,0,1,0,1,0,0
frassanito,0,0,0,0,0,0,0,0
ingegno,0,0,0,0,0,0,0,0
lettera,0,1,0,0,0,0,0,0
problema,0,0,0,1,0,1,0,0
relazione,0,0,0,0,1,0,0,1
somma,0,0,0,0,0,0,0,0
studio_di_funzione,0,0,0,0,0,0,0,0
variabile,0,1,0,0,0,0,1,0
mediana,0,0,0,0,0,0,0,0
metrico,0,0,0,0,0,0,0,0
misura,0,0,0,0,0,0,0,0
postulato,0,0,0,0,0,0,0,0
punto,0,1,0,0,1,0,1,0
radice,0,0,0,0,0,0,0,0
sella,0,0,0,0,0,0,0,0
trigonometria,0,0,0,0,0,0,0,0
unità,0,0,0,0,1,0,0,1
universo,0,0,0,0,0,0,0,0
figura,0,0,0,0,0,0,0,0
varianza,0,0,0,0,0,0,0,0
scartare,0,0,0,0,0,0,0,0
meteo,0,0,0,0,0,0,0,0
perturbazione,0,0,0,1,0,0,0,0
freccia,0,0,0,0,0,0,0,0
giornale,0,0,0,0,0,0,0,0
intervista,0,0,0,0,0,0,0,0
inutile,1,0,1,0,0,1,0,0
modalità,0,0,0,0,0,0,0,0
popolazione,0,0,0,0,0,0,0,0
raccolta,0,0,0,0,0,0,0,0
sondaggio,0,0,0,0,0,0,0,1
acculturato,0,0,0,0,0,0,0,0
aiutare,0,0,0,0,0,0,0,0
ammirare,0,0,0,0,0,0,1,1
ammiratore,0,0,0,0,0,0,0,0
apprezzamento,0,0,0,0,1,0,0,1
apprezzare,0,0,0,0,0,0,0,0
approssimare,0,0,0,0,0,0,0,0
beni,0,0,0,0,0,0,0,0
complimenti,0,1,0,0,1,0,1,1
complimento,0,1,0,0,1,0,1,1
condivisione,0,0,0,0,1,0,0,0
imitare,0,0,0,0,0,0,0,0
opinione,0,0,0,0,0,0,0,0
peso,0,1,0,1,0,0,0,0
quantità,0,0,0,0,0,0,0,0
rispetto,0,1,0,0,1,0,0,1
soldi,0,0,0,0,0,0,0,0
abete,0,0,0,0,0,0,0,0
aria,0,0,0,0,0,0,0,0
bosco,0,0,0,0,0,0,0,0
calma,0,0,0,0,1,0,0,0
campagna,1,0,0,1,0,0,0,0
carta,0,0,0,0,0,0,0,0
casa,0,0,0,0,1,0,0,0
cespuglio,0,0,0,0,0,0,0,0
chioma,0,0,0,0,0,0,0,0
cielo,0,0,0,0,0,0,0,0
ciliegio,0,0,0,0,0,0,0,0
clorofilla,0,0,0,0,0,0,0,0
corteccia,0,0,0,0,0,0,0,0
ecologia,0,0,0,0,0,0,0,0
essere,0,0,0,0,0,0,0,0
età,0,0,0,0,0,0,0,0
famiglia,0,0,0,0,1,0,0,0
familiare,0,0,0,0,0,0,0,1
fiore,0,0,0,0,1,0,0,0
foglia,0,0,0,0,0,0,0,0
foresta,0,0,0,0,0,0,0,0
fotosintesi,0,0,0,0,0,0,0,0
frutta,0,0,0,0,1,0,0,0
frutto,0,0,0,0,0,0,0,0
gastronomia,0,0,0,0,0,0,0,0
genealogia,0,0,0,0,0,0,0,0
genealogico,0,0,0,0,0,0,0,0
giardino,0,0,0,0,1,0,0,0
legno,0,0,0,0,0,0,0,0
libertà,0,1,0,0,1,0,1,1
natale,0,0,0,0,0,0,0,0
natura,0,0,0,0,1,0,0,0
ossigeno,0,0,0,0,0,0,0,0
pianta,0,0,0,0,0,0,0,0
piante,0,0,0,0,0,0,0,0
pino,0,0,0,0,0,1,0,0
pioppo,0,0,0,0,0,0,0,0
protezione,0,0,0,0,0,0,0,0
puglia,0,0,0,0,0,0,0,0
quercia,0,0,0,0,0,0,0,0
ramo,0,0,0,0,0,0,0,0
resina,0,0,0,0,0,0,0,0
sole,0,1,0,0,1,0,1,1
terra,0,0,0,0,0,0,0,1
tranquillità,0,0,0,0,0,0,0,0
tronco,0,0,0,0,0,0,0,0
ulivo,0,0,0,0,0,0,0,0
vegetale,0,0,0,0,0,0,0,0
vegetazione,0,0,0,0,0,0,0,0
vento,0,0,0,0,0,0,0,0
verde,0,0,0,0,1,0,0,1
villa,0,0,0,0,0,0,0,0
vita,0,0,0,0,1,0,0,0
erba,0,0,0,0,0,0,0,0
parassita,0,0,1,1,0,0,0,0
analitica,0,0,0,0,0,0,0,0
angolo,0,0,0,0,0,0,0,0
area,0,0,0,0,0,0,0,0
cerchio,0,0,0,0,0,0,0,1
quadrato,0,0,0,0,0,0,0,0
dimensione,0,0,0,0,0,0,0,0
forma,0,0,0,0,0,0,0,0
lato,0,0,0,0,0,0,0,0
noia,0,0,0,0,0,0,0,0
rettangolo,0,0,0,0,0,0,0,0
sapienza,0,0,0,0,0,0,0,0
spazio,0,0,0,0,0,0,0,0
linea,0,0,0,0,0,0,0,0
grado,0,0,0,0,0,0,0,0
ambizione,0,1,0,0,1,0,0,1
amico,0,0,0,0,1,0,0,1
assoluto,0,0,0,0,0,0,0,0
bidello,0,0,0,0,0,0,0,0
canzone,0,0,0,0,0,0,0,0
capacità,0,0,0,0,0,0,0,1
cinema,0,0,0,0,0,0,0,0
circo,0,0,0,0,0,0,0,0
comune,0,0,0,0,0,0,0,0
curva,0,0,0,0,0,0,0,0
divisore,0,0,0,0,0,0,0,0
dolore,0,0,1,1,0,1,0,0
eccellente,0,0,0,0,1,0,0,1
espediente,0,0,0,0,1,0,0,1
esponente,0,0,0,0,0,0,0,0
flesso,0,0,0,0,0,0,0,0
globale,0,0,0,0,0,0,0,0
grande,0,0,0,0,0,0,0,0
grandezza,0,0,0,0,1,0,1,1
impegno,0,0,0,0,1,1,0,1
impossibile,0,0,0,0,0,1,0,0
livello,0,0,0,0,0,0,0,1
max,0,0,0,0,0,0,0,0
minimo,0,0,0,0,0,0,0,0
molto,0,0,0,0,0,0,0,0
nome,0,0,0,0,0,0,0,0
ottimizzazione,0,0,0,0,0,0,0,0
più,0,0,0,0,0,0,0,0
potenza,0,0,0,0,0,0,0,0
arrivo,0,1,0,0,0,0,0,0
qualità,0,0,0,0,0,0,0,1
quarta,0,0,0,0,0,0,0,0
relativo,0,0,0,0,0,0,0,0
tanto,0,0,0,0,0,0,0,0
top,0,0,0,0,0,0,0,0
valerio,0,0,0,0,0,0,0,0
valore,0,0,0,0,0,0,0,1
vetta,0,0,0,0,0,0,0,0
volere,0,0,0,0,0,1,0,0
volontà,0,0,0,0,0,0,0,0
potenziale,0,0,0,0,0,0,0,0
rete,0,1,0,0,0,0,0,0
atletica,0,0,0,0,0,0,0,0
atleta,0,0,0,0,0,0,0,1
corda,0,0,0,0,0,0,0,0
corsa,0,0,0,0,0,0,0,0
educazione_fisica,0,0,0,0,0,0,0,0
ieri,0,0,0,0,0,0,0,0
lungo,0,1,0,0,0,0,0,0
olimpiadi,0,0,0,0,0,0,0,0
pallavolo,0,0,0,0,0,0,0,0
passo,0,0,0,0,0,0,0,0
scarpa,0,0,0,0,0,0,0,0
slancio,0,0,0,0,0,0,0,0
sport,0,0,0,0,0,0,0,0
vertigine,0,0,0,1,0,0,0,0
vuoto,0,0,0,0,0,1,0,0
accettazione,0,0,0,0,0,0,0,1
aspettativa,0,1,0,0,0,0,0,0
attendere,0,0,0,0,0,0,0,0
attesa,0,0,0,0,0,0,0,0
delusione,1,0,1,0,0,1,0,0
impaziente,0,1,0,0,0,0,0,0
incinta,0,0,0,0,0,0,0,0
mettersi,0,0,0,0,0,0,0,0
ospedale,0,0,0,1,0,1,0,1
pazienza,0,1,0,0,0,0,0,1
realtà,0,0,0,0,0,0,0,0
regalo,0,1,0,0,1,0,1,1
sacrificio,0,0,0,0,0,0,0,1
sala,0,0,0,0,0,0,0,0
sorpresa,0,0,0,0,0,0,0,0
verdetto,0,0,0,0,0,0,0,0
alfabeto,0,0,0,0,0,0,0,0
apatia,0,0,0,0,0,1,0,0
bellezza,0,0,0,0,1,0,0,0
brutto,0,0,0,0,0,0,0,0
calmo,0,0,0,0,0,0,0,0
corsivo,0,0,0,0,0,0,0,0
cubitale,0,0,0,0,0,0,0,0
debole,1,1,1,1,1,1,0,1
dolce,0,1,0,0,1,0,1,1
duro,0,0,0,0,0,0,0,0
fenotipo,0,0,0,0,0,0,0,0
fiero,0,0,0,0,0,0,0,0
font,0,0,0,0,0,0,0,1
forte,0,0,0,0,0,0,0,1
gelosia,1,0,1,1,0,1,0,0
illustrator,0,0,0,0,0,0,0,0
impulsività,0,0,0,0,0,0,0,0
irrequieto,0,0,0,0,0,0,0,0
maiuscolo,0,0,0,0,0,0,0,0
medio,0,0,0,0,0,0,0,0
meschino,0,0,0,0,0,0,0,0
minuscolo,0,0,0,0,0,0,0,0
nervoso,1,1,0,1,0,0,0,0
parola,0,0,0,0,0,0,0,1
persona,0,0,0,0,0,0,0,0
personaggio,0,0,0,0,0,0,0,0
personalità,0,0,0,0,0,0,0,0
rabbioso,1,1,1,1,0,1,0,0
rarità,0,0,0,0,0,0,1,0
sensibile,0,0,0,0,0,0,0,0
simpatia,0,0,0,0,0,1,0,0
simpatico,0,0,0,0,0,0,0,0
solare,0,0,0,0,0,0,0,0
somatico,0,0,0,0,0,0,1,0
testo,0,0,0,0,0,0,0,0
umano,0,0,0,0,0,0,0,0
violenza,1,0,0,1,0,1,0,0
fragilità,0,0,0,0,0,1,0,0
stile,0,0,0,0,0,0,0,0
caos,1,0,0,1,0,1,0,0
capitale,0,0,0,0,0,0,0,0
centro,0,0,0,0,0,0,0,1
abitante,0,0,0,0,0,0,0,0
arretratezza,0,0,0,0,0,0,0,0
cambiare,0,0,0,0,0,0,0,0
capoluogo,0,0,0,0,0,0,0,0
edificio,0,0,0,0,0,0,0,0
galatina,0,0,0,0,0,0,0,0
galatone,0,0,0,0,0,0,0,0
industrializzata,0,0,0,0,0,0,0,0
inquinamento,0,0,1,0,0,0,0,0
lecce,0,0,0,0,0,0,0,0
londra,0,0,0,0,0,0,0,0
metro,0,0,0,0,0,0,0,0
metropoli,0,0,0,0,0,0,0,0
monumenti,0,0,0,0,0,0,0,0
napoli,0,0,0,0,0,0,0,0
nardò,0,0,0,0,0,0,0,0
negozio,0,1,0,0,0,0,0,0
New_York,0,0,0,0,0,0,0,0
paese,0,0,0,0,0,0,0,0
parigi,0,0,0,0,0,0,0,0
pesantezza,0,0,0,0,0,0,0,0
piazza,0,0,0,0,0,0,0,0
popolo,0,0,0,0,0,0,0,0
progresso,0,1,0,0,1,0,0,0
regione,0,0,0,0,0,0,0,0
roma,0,0,0,0,0,0,0,0
rumore,0,0,0,0,0,0,0,0
schifo,0,0,0,0,0,0,0,0
torino,0,0,0,0,0,0,0,0
town,0,0,0,0,0,0,0,0
urbanistica,0,0,0,0,0,0,0,0
veicolo,0,0,0,0,0,0,0,0
espansione,0,0,0,0,0,0,0,0
metropolitana,0,0,0,0,0,0,0,0
società,0,0,0,0,0,0,0,1
bomba,0,0,0,0,0,0,0,0
curioso,0,1,0,0,0,0,0,0
da_vinci,0,0,0,0,0,0,0,0
diabolico,1,0,1,1,0,0,0,0
elettronica,0,0,0,0,0,0,0,0
esplosivo,1,1,0,1,0,0,1,0
furbizia,0,0,0,0,0,0,0,0
genio,0,0,0,0,0,0,0,0
improvvisato,0,1,0,0,0,0,1,0
ingranaggio,0,0,0,0,0,0,0,0
innovazione,0,0,0,0,0,0,0,0
intelligenza,0,0,0,1,1,0,0,1
macchinario,0,0,0,0,0,0,0,0
marchingegno,0,0,0,0,0,0,0,0
meccanico,0,0,0,0,0,0,0,0
meccanismo,0,0,0,0,0,0,0,0
oggetto,0,0,0,0,0,0,0,0
ordigno,0,0,0,0,0,0,0,0
orologio,0,1,0,0,0,0,0,0
ragione,0,0,0,0,0,0,0,0
robot,0,0,0,0,0,0,0,0
sbalorditivo,0,0,0,0,0,0,1,0
tecnologia,0,0,0,0,0,0,0,0
amleto,0,0,0,0,0,0,0,0
dubbio,0,0,0,1,0,1,0,1
enigma,0,0,0,0,0,0,1,0
incomprensione,0,0,0,0,0,0,0,0
indecisione,0,0,0,0,0,0,0,0
interrogativo,0,0,0,0,0,0,0,0
mistero,0,1,0,0,0,0,1,0
ostico,0,0,0,0,0,0,0,0
paranoia,0,0,0,1,0,0,0,0
shakespeare,0,0,0,0,0,0,0,0
universale,0,0,0,0,0,0,0,0
complessa,0,0,0,0,0,0,0,0
differenziale,0,0,0,0,0,0,0,1
incognita,0,0,0,0,0,0,0,0
lettere,0,1,0,0,0,0,0,0
nostalgia,0,0,0,0,1,1,0,0
radicale,0,0,0,0,0,0,0,0
uguaglianza,0,0,0,0,1,0,0,1
uguale,0,0,0,0,0,0,0,0
banco,0,0,0,0,0,0,0,0
bello,0,1,0,0,1,1,1,1
competente,0,0,0,0,0,0,0,1
disponibile,0,0,0,0,0,0,0,0
docente,0,0,0,0,0,0,0,0
educatore,0,0,0,0,0,0,0,0
educatrice,0,0,0,0,0,0,0,0
ingredienti,0,0,0,0,0,0,0,0
incapace,0,0,0,0,0,1,0,0
invogliante,0,0,0,0,0,0,0,0
italiano,0,0,0,0,0,0,0,0
maestra,0,0,0,0,0,0,0,0
maestro,0,0,0,0,0,0,0,0
mestiere,0,0,0,0,0,0,0,0
orientare,0,0,0,0,0,0,0,0
oscuro,0,0,1,0,0,1,0,0
preparato,0,1,0,0,0,0,0,0
serio,0,0,0,0,0,0,0,0
severità,0,0,0,0,0,0,0,0
spronante,0,0,0,0,0,0,0,0
storia,0,0,0,0,0,0,0,0
studioso,0,0,0,0,0,0,0,0
vivace,0,1,0,0,1,0,1,0
votazione,1,1,0,0,1,1,1,1
alloro,0,0,0,0,0,0,0,0
architettura,0,0,0,0,0,0,0,1
borsa,0,0,0,0,0,0,0,0
bravo,0,0,0,0,0,0,0,0
denaro,0,0,0,0,0,0,0,0
diploma,0,0,0,0,0,0,0,0
diplomato,0,0,0,0,0,0,0,0
facoltà,0,0,0,0,0,0,0,1
farmacia,0,0,0,0,0,0,0,0
fatica,0,0,0,1,0,0,0,0
laurea,0,0,0,0,0,0,0,0
opportunità,0,1,0,0,0,0,1,0
part-time,0,0,0,0,0,0,0,0
qualcosa,0,0,0,0,0,0,0,0
sapere,0,0,0,0,0,0,0,0
sapiente,0,0,0,0,0,0,0,0
specialista,0,0,0,0,0,0,0,1
specializzato,0,0,0,0,0,0,0,0
speriamo,0,0,0,0,0,0,0,0
spumante,0,0,0,0,0,0,0,0
timore,0,0,0,0,0,0,0,0
controllo,0,0,0,0,0,0,0,0
abitudine,0,0,0,0,0,0,0,0
condizione,0,0,0,0,0,0,0,1
conservare,0,0,0,0,0,0,0,1
costanza,0,0,0,0,0,0,0,1
dignità,0,0,0,0,1,0,0,1
equilibrio,0,0,0,0,1,0,0,0
equilibro,0,0,0,0,0,0,0,0
fermo,1,0,0,0,0,0,1,0
genitori,0,0,0,0,0,0,0,0
gestire,0,0,0,0,0,0,0,1
lasciare,0,0,0,0,0,0,0,0
mano,0,0,0,0,0,0,0,0
posizione,0,0,0,0,0,0,0,0
potere,0,0,0,0,0,0,0,0
proteggere,0,0,0,0,0,0,0,1
reggere,0,0,0,0,0,0,0,0
s,0,0,0,0,0,0,0,0
silenzio,0,0,0,0,0,0,0,0
sorreggere,0,0,0,0,0,0,0,0
tenere,0,0,0,0,0,0,0,0
trattenere,0,0,0,0,0,0,0,0
rapporto,0,0,0,0,0,0,0,0
vitalità,0,0,0,0,1,0,0,1
aritmetica,0,0,0,0,0,0,0,0
comunicazione,0,0,0,0,0,0,0,1
device,0,0,0,0,0,0,0,0
geometrica,0,0,0,0,0,0,0,0
informazioni,0,0,0,0,0,0,0,0
normalità,0,0,0,0,0,0,0,0
sociale,0,0,0,0,0,0,0,0
telegiornale,0,0,0,0,0,0,0,0
video,0,0,0,0,0,0,0,0
armonia,0,0,0,0,1,0,0,1
attrito,0,0,0,0,0,0,0,0
bracciale,0,0,0,0,0,0,0,0
cinematica,0,0,0,0,0,0,0,0
corriera,0,0,0,0,0,0,0,0
instabilità,0,0,1,1,0,0,0,0
ipnotizzazione,0,0,0,0,0,0,0,0
moto,0,0,0,0,0,0,0,0
movimento,0,1,0,0,0,0,0,0
nonno,0,0,0,0,0,0,0,1
onda,0,0,0,0,0,0,0,0
oscilla,0,0,0,0,0,0,0,0
oscillare,0,0,0,0,0,0,0,0
oscillazione,0,0,0,0,0,0,0,0
ripetizione,0,0,0,0,0,0,0,0
ritardo,1,0,1,1,0,1,0,0
anno,0,0,0,0,0,0,0,0
breve,0,0,0,0,0,0,0,0
buio,1,0,0,1,0,1,0,0
durata,0,0,0,0,0,0,0,0
frase,1,1,1,1,0,1,0,0
goniometria,0,0,0,0,0,0,0,0
intervallo,0,1,0,0,0,0,0,0
mestruale,0,0,0,0,0,0,0,0
stagioni,0,0,0,0,0,0,0,0
amici,0,0,0,0,1,0,0,1
anticipare,0,1,0,0,0,0,0,0
anticipazione,0,1,0,0,0,0,0,0
aspettarsi,0,0,0,0,0,0,0,0
causa,1,0,1,1,0,1,1,0
concetto,0,0,0,0,0,0,0,0
conseguenza,0,0,0,0,0,0,0,0
dibattito,0,0,0,0,0,0,0,0
discorso,0,0,0,0,0,0,0,0
falsa,1,0,1,0,0,0,0,0
fiducia,0,1,0,1,1,0,0,1
importante,0,0,0,0,0,0,0,1
impostazione,0,0,0,0,0,0,0,0
incipit,0,0,0,0,0,0,0,0
input,0,0,0,0,0,0,0,0
introduzione,0,0,0,0,0,0,0,0
matrimonio,0,1,0,0,1,0,0,1
pararsi,0,0,0,0,0,0,0,0
necessaria,0,0,0,0,0,0,0,0
parlare,0,0,0,0,0,0,0,0
prefazione,0,0,0,0,0,0,0,0
preludio,0,0,0,0,0,0,0,0
prima,0,0,0,0,0,0,0,0
raccomandazione,0,0,0,0,0,0,0,0
risposta,0,0,0,0,0,0,0,0
sillogismo,0,0,0,0,0,0,0,0
spiegazione,0,0,0,0,0,0,0,0
supposizione,0,0,0,0,0,0,0,0
titolo,0,0,0,0,0,0,0,1
vera,0,0,0,0,0,0,0,1
fuga,0,1,0,1,0,0,0,0
pandemia,0,0,0,0,0,0,0,0
accidentale,0,0,0,1,0,0,1,0
atroce,1,0,1,0,0,0,0,0
attimo,0,0,0,0,0,0,0,0
attuale,0,0,0,0,0,0,0,0
avvenimento,0,0,0,0,0,0,0,0
caso,0,0,0,0,0,0,0,0
circostanza,0,0,0,0,0,0,0,0
coincidenza,0,0,0,0,0,0,1,0
complicata,1,0,0,0,0,0,0,0
complicazioni,0,0,0,0,0,0,0,0
critica,0,0,0,0,0,0,0,0
difficoltosa,0,0,0,0,0,0,0,0
economica,0,0,0,0,0,0,0,0
facile,0,0,0,0,0,0,0,0
fatto,0,0,0,0,0,0,0,0
imbarazzante,0,0,1,1,0,1,0,0
imbarazzo,0,0,1,1,0,1,1,0
inaspettato,0,1,0,1,1,0,1,0
infame,0,0,0,0,0,0,0,0
ingannevole,1,0,1,0,0,1,0,0
momento,0,0,0,0,0,0,0,0
paradossale,0,0,0,0,0,0,0,0
pessima,0,0,0,0,0,0,0,0
piacevole,0,1,0,0,1,0,1,1
presente,0,0,0,0,0,0,0,0
resoconto,0,0,0,0,0,0,0,0
ricordo,0,0,0,0,0,0,0,0
scena,0,0,0,0,0,0,0,0
scomoda,0,0,0,0,0,0,0,0
semplice,0,0,0,0,0,0,0,1
sentimentale,0,0,0,0,0,0,0,0
stanchezza,0,0,0,0,0,1,0,0
strana,0,0,1,1,0,0,1,0
tragica,0,0,0,0,0,1,0,0
vicenda,0,0,0,0,0,0,0,0
compagno,0,1,0,0,1,0,0,1
disperato,0,0,0,0,0,0,0,0
felice,0,1,0,0,1,0,0,1
crisi,0,0,0,1,0,0,0,0
modello,0,0,0,0,0,0,0,0
socialità,0,0,0,0,0,0,0,0
zaino,0,0,0,0,0,0,0,0
cognizione,0,0,0,0,0,0,0,0
emergenza,0,0,0,1,0,1,1,0
messaggio,0,0,0,0,0,0,0,0
neve,0,0,0,0,0,0,0,0
seguire,0,0,0,0,0,0,0,1
abbastanza,0,0,0,0,0,0,0,1
speso,0,0,0,0,0,0,0,0
caldo,0,0,0,0,1,0,0,0
clessidra,0,0,0,0,0,0,0,0
clima,0,0,0,0,0,0,0,0
donare,0,0,0,0,0,0,0,0
fazzoletto,0,0,0,0,0,0,0,0
freddo,0,0,0,0,1,0,0,0
giornata,0,0,0,0,0,0,0,0
giorno,0,0,0,0,1,0,0,0
lancetta,0,0,0,0,0,0,0,0
libero,0,0,0,0,0,0,0,0
limitato,0,0,0,0,0,1,0,0
luce,0,0,0,0,1,0,0,0
meteorologico,0,0,0,0,0,0,0,0
minuto,0,0,0,0,0,0,0,0
oggettivo,0,0,0,0,0,0,0,0
oggi,0,0,0,0,0,0,0,0
ore,0,0,0,0,0,0,0,0
passato,0,0,0,0,0,0,0,0
perdere,1,0,1,1,0,1,1,0
perso,1,0,1,1,0,1,1,0
pioggia,0,0,0,0,0,0,0,0
piovoso,0,0,0,0,0,1,0,0
poco,0,0,0,0,0,0,0,0
scadere,0,0,0,0,0,0,0,0
scorrere,0,0,0,0,0,0,0,0
secondi,0,0,0,0,0,0,0,0
sereno,0,0,0,0,1,0,0,1
soleggiato,0,1,0,0,1,0,1,0
sprecato,0,0,1,1,0,1,0,0
utile,0,0,0,0,1,0,0,1
veloce,0,0,0,0,0,0,0,0
ripresa,0,0,0,0,0,0,0,0
sintetizzare,0,0,0,0,0,0,0,0
suono,0,0,0,0,0,0,0,0
accelerazione,0,0,0,0,0,0,0,0
aereo,0,0,0,0,0,0,0,0
auto,0,0,0,0,0,0,0,0
autostrada,0,0,0,0,0,0,0,0
bolt,0,0,0,0,0,0,0,0
contagiri,0,0,0,0,0,0,0,0
d'annunzio,0,0,0,0,0,0,0,0
ferrari,0,0,0,0,0,0,0,0
frecciarossa,0,0,0,0,0,0,0,0
futuristi,0,0,0,0,0,0,0,0
irrazionalità,0,0,0,0,0,0,0,0
lenta,0,0,0,0,0,1,0,0
massima,0,0,0,0,0,0,0,0
minima,0,0,0,0,0,0,0,0
m/s,0,0,0,0,0,0,0,0
resistenza,1,0,0,0,0,0,0,1
rischio,0,1,0,1,0,0,0,0
spazio/tempo,0,0,0,0,1,0,0,0
strada,0,0,0,0,0,0,0,0
treno,0,0,0,0,0,0,0,0
calda,0,0,0,0,1,0,0,0
cascata,0,0,0,0,1,0,0,0
composto,0,0,0,0,0,0,0,0
cristallino,0,0,0,0,0,0,0,0
estate,0,0,0,0,1,0,0,0
fabbisogno,0,0,0,0,0,0,0,0
fiume,0,0,0,0,0,0,0,0
fontana,0,0,0,0,0,0,0,0
fonte,0,0,0,0,0,0,0,0
fresca,0,0,0,0,0,0,0,0
freschezza,0,0,0,0,0,0,0,0
idratarsi,0,0,0,0,0,0,0,0
importanza,0,1,0,0,0,0,0,0
lago,0,0,0,0,0,0,0,0
linfa,0,0,0,0,0,1,0,0
limpida,0,0,0,0,0,0,0,0
mare,0,0,0,0,0,0,0,0
minerale,0,0,0,0,0,0,0,0
necessità,0,0,0,0,0,1,0,0
oceano,0,0,0,0,1,0,0,0
potabile,0,0,0,0,0,0,0,0
pulito,0,0,0,0,0,0,0,0
pura,0,0,0,0,1,0,0,0
purezza,0,0,0,0,0,0,1,0
ruscello,0,0,0,0,0,0,0,0
salute,0,0,0,0,1,0,0,0
sete,0,1,0,0,0,1,1,0
siccità,0,0,0,0,0,0,0,0
sorgente,0,0,0,0,0,0,0,0
tisana,0,0,0,0,0,0,0,0
trasparenza,0,0,0,0,0,0,0,0
ungaretti,0,0,0,0,0,0,0,0
vitale,0,0,0,0,0,0,0,0
corrente,0,0,0,0,0,0,0,0
dieta,0,0,0,0,0,0,0,0
diffrazione,0,0,0,0,0,0,0,0
fondo,0,0,0,0,0,0,0,0
formiche,0,0,0,0,0,0,0,0
ghiaccio,0,0,0,0,0,0,0,0
nuvole,0,0,0,0,0,0,0,0
pesce,0,0,0,0,0,0,0,0
vaso,0,0,0,0,0,0,0,0
carbonio,0,0,0,0,0,0,0,0
cellula,0,0,0,0,0,0,0,0
einstein,0,0,0,0,0,0,0,0
indivisibile,0,0,0,0,0,0,0,1
intorno,0,0,0,0,0,0,0,0
microparticelle,0,0,0,0,0,0,0,0
neutrone,0,0,0,0,0,0,0,0
nucleare,0,0,0,0,0,0,0,0
orbitali,0,0,0,0,0,0,0,0
piccolo,0,0,0,0,0,0,0,0
plutonio,0,0,0,0,0,0,0,0
quark,0,0,0,0,0,0,0,0
collisione,1,0,0,0,0,0,0,0
argomento,0,0,0,0,0,0,0,0
aspetto,0,1,0,0,0,0,1,1
categoria,0,0,0,0,0,0,0,0
collegamento,0,0,0,0,0,0,0,0
componente,0,0,0,0,0,0,0,0
diavoletto,0,0,0,0,0,0,0,0
leone,0,0,0,1,0,0,0,0
medica,0,1,0,1,0,0,0,1
passione,0,1,0,0,1,0,0,1
scelta,0,0,0,0,0,0,0,0
settore,0,0,0,0,0,0,0,0
sezione,0,0,0,0,0,0,0,0
singolo,0,0,0,0,0,0,0,0
sottoinsieme,0,0,0,0,0,0,0,0
specialistica,0,0,0,0,0,0,0,0
tipo,0,0,0,0,1,0,0,1
varietà,0,0,0,0,0,0,0,0
connessione,0,0,0,0,0,0,0,0
ecosistema,0,0,0,0,0,0,0,0
radiazione,0,0,0,1,0,0,0,0
riciclare,0,0,0,0,0,0,0,0
circuito,0,0,0,0,0,0,0,0
floreale,0,0,0,0,0,0,0,0
riassunto,0,0,0,0,0,0,0,0
scultura,0,0,0,0,0,0,0,0
unione,0,0,0,0,0,0,0,0
agglomeramento,0,0,0,0,0,0,0,0
brina,0,0,0,0,0,0,0,0
fenomeno,0,0,0,0,0,0,0,0
frigorifero,0,0,0,0,0,0,0,0
passaggio,0,0,0,0,0,0,0,0
temperatura,0,0,0,0,0,0,0,0
umidità,0,0,0,0,0,0,0,0
vapore,0,0,0,0,0,0,0,0
alcott,0,0,0,0,0,0,0,0
animale,0,0,0,0,0,0,0,0
autopsia,0,0,1,1,0,1,0,0
cadavere,0,0,1,1,0,1,1,0
carcassa,0,0,1,1,0,1,0,0
castello,0,0,0,0,0,0,0,0
cibo,0,0,0,0,1,0,0,1
comporre,0,0,0,0,0,0,0,0
corpo,0,0,0,0,0,0,0,0
degradabile,0,0,0,0,0,0,0,0
distruggere,1,0,0,1,0,0,0,0
dividere,0,0,0,0,0,0,0,0
frazionare,0,0,0,0,0,0,0,0
generare,0,0,0,0,0,0,0,0
insetto,0,0,1,1,0,0,0,0
mela,0,0,0,0,0,0,0,0
porre,0,0,0,0,0,0,0,0
retrocedere,0,0,0,0,0,0,0,0
rifiuto,1,0,1,1,0,1,0,1
rompere,0,0,0,0,0,0,1,0
scissione,0,0,0,0,0,1,0,0
scomporre,0,0,0,0,0,0,0,0
smaltimento,0,0,0,0,0,0,0,0
sottoterra,0,0,0,0,0,0,0,0
trasformazione,0,0,0,0,0,0,0,0
argento,0,0,0,0,0,0,0,0
ferro,0,0,0,0,0,0,0,0
fulmine,1,0,0,1,0,0,1,0
fuoco,0,0,0,1,0,0,0,0
idrogeno,0,0,0,0,0,0,0,0
neutro,0,1,0,0,0,0,0,1
oro,0,0,0,0,0,0,0,0
palladio,0,0,0,0,0,0,0,0
principale,0,0,0,0,0,0,0,1
soggetto,0,0,0,0,0,0,0,0
squadra,0,0,0,0,0,0,0,1
tavola_periodica,0,0,0,0,0,0,0,0
uno,0,0,0,0,0,0,0,0
cassa,0,0,0,0,0,0,0,0
elettricità,0,0,0,0,0,0,0,0
carica_negativa,0,0,0,0,0,0,0,0
complicato,1,0,0,0,0,0,0,0
ellissi,0,0,0,0,0,0,0,0
ibridazione,0,0,0,0,0,0,0,0
massa,0,0,0,0,0,0,0,0
negativo,0,0,0,0,0,1,0,0
nucleo,0,0,0,0,0,0,0,0
orbita,0,0,0,0,0,0,0,0
particella,0,0,0,0,0,0,0,0
rotazione,0,0,0,0,0,0,0,0
valenza,0,0,0,0,0,0,0,0
magnetismo,0,0,0,0,0,0,0,0
dinamico,0,0,0,0,0,0,1,0
esplosione,0,0,0,1,0,0,1,0
mendel,0,0,0,0,0,0,0,0
riuscito,0,0,0,0,0,0,0,0
sapone,0,0,0,0,0,0,0,0
ansiolitico,0,0,0,0,0,0,0,0
antitumorale,0,0,0,0,0,0,0,0
cura,0,0,0,0,0,0,0,0
dannoso,1,0,1,1,0,1,0,0
doping,0,0,0,0,0,0,0,0
droga,0,0,0,0,0,0,0,0
economico,0,0,0,0,0,0,0,0
febbre,0,0,0,0,0,0,0,0
guarigione,0,1,0,0,1,0,0,1
guarire,0,0,0,0,1,0,0,1
infermiera,0,0,0,0,0,0,0,1
influenza,0,0,0,1,0,0,0,0
insulina,0,0,0,0,0,0,0,0
malattia,0,0,1,1,0,1,0,0
medicinale,0,0,0,0,0,0,0,0
medico,0,1,0,1,0,0,0,1
moment,0,0,0,0,0,0,0,0
pastiglia,0,0,0,0,0,0,0,0
pillola,0,0,0,0,0,0,0,1
psicologia,0,0,0,0,0,0,0,0
raffreddore,0,0,0,0,0,0,0,0
ricetta,0,0,0,0,0,0,0,0
ricevere,0,1,0,0,1,0,1,0
tachidol,0,0,0,0,0,0,0,0
terapia,0,0,0,0,0,0,0,0
tollerabilità,0,0,0,0,0,0,0,0
trattamento,0,0,0,0,0,0,0,0
xanax,0,0,0,1,0,0,0,0
sintomo,0,0,0,0,0,0,0,0
memoria,0,0,0,0,0,0,0,0
attrattore,0,0,0,0,0,0,0,0
amicizia,0,0,0,0,1,0,0,1
attrattiva,0,0,0,0,0,0,0,0
attrazione,0,0,0,0,0,0,0,1
bruta,1,0,0,1,0,1,0,0
elettrica,0,0,0,0,1,0,1,0
elettromotrice,0,0,0,0,0,0,0,0
elettrostatica,0,0,0,0,0,0,0,0
energia,0,0,0,0,1,0,0,0
esplosiva,1,1,0,1,0,0,1,0
maggiore,0,0,0,0,0,0,0,0
magnetica,0,0,0,0,0,0,0,1
militare,0,0,0,1,0,0,0,0
muscolare,0,0,0,0,0,0,0,0
muscolo,0,0,0,0,0,0,0,0
proteina,0,0,0,0,0,0,0,0
repulsiva,0,0,0,0,0,0,0,0
tecnica,0,0,0,0,0,0,0,0
vettore,0,0,0,0,0,0,0,0
mossa,0,0,0,0,0,0,0,0
punta,0,0,0,0,0,0,0,0
accendino,0,0,0,0,0,0,0,0
atmosfera,0,0,0,0,0,0,0,0
azienda,0,0,0,0,0,0,0,0
blu,0,0,0,0,0,1,0,0
bombola,0,0,0,0,0,0,0,0
caldaia,0,0,0,0,0,0,0,0
condotto,0,0,0,0,0,0,0,0
cucina,0,0,0,0,0,0,0,0
cucinare,0,0,0,0,0,0,0,0
ebrei,0,0,0,0,0,0,0,0
elio,0,0,0,0,0,0,0,0
fabbrica,0,0,0,0,0,0,0,0
gasdotto,0,0,0,0,0,0,0,0
gassoso,0,0,0,0,0,0,0,0
grigio,0,0,1,0,0,1,0,0
maschera,0,0,0,0,0,0,0,0
mortale,1,0,1,1,0,1,0,0
nobile,0,0,0,0,0,0,0,1
nocivo,0,0,1,1,0,0,0,0
palloncino,0,0,0,0,0,0,0,0
pericolo,0,1,0,1,0,1,0,0
pressione,0,0,0,1,0,0,0,0
rifornimento,0,0,0,0,0,0,0,0
risparmio,0,0,0,0,0,0,0,0
russia,0,0,0,0,0,0,0,0
serra,0,0,0,0,0,0,0,0
soffocamento,1,0,0,1,0,1,0,0
tap,0,0,0,0,0,0,0,0
tossico,0,0,1,0,0,0,0,0
tubo,0,0,0,0,0,0,0,0
volatilità,1,1,0,1,0,0,1,0
alambicchi,0,0,0,0,0,0,0,0
approfondimento,0,0,0,0,0,0,0,0
dexter,0,0,0,0,0,0,0,0
lingua,0,0,0,0,0,0,0,0
mamma,0,0,0,1,0,0,0,1
provetta,0,0,0,0,0,0,0,0
ricerche,0,1,0,0,0,0,0,0
segreto,0,0,0,0,0,0,0,1
sperimentale,0,0,0,0,0,0,0,0
aeriforme,0,0,0,0,0,0,0,0
bevanda,0,0,0,0,0,0,0,0
bottiglia,0,0,0,0,0,0,0,0
contenitore,0,0,0,0,0,0,0,0
fluido,0,0,0,0,0,0,0,0
incolore,0,0,0,0,0,0,0,0
infiammabile,0,0,0,0,0,0,0,0
lente,0,0,0,0,0,0,0,1
motore,0,0,0,0,0,0,0,0
sciolto,0,0,0,0,1,0,0,0
base,0,0,0,0,0,0,0,1
cellulare,0,0,0,0,0,0,0,0
extracellulare,0,0,0,0,0,0,0,0
matrix,0,0,0,0,0,0,0,0
mitocondriale,0,0,0,0,0,0,0,0
tutto,0,0,0,0,0,0,0,0
alchimia,0,0,0,0,0,0,0,0
alluminio,0,0,0,0,0,0,0,0
anello,0,0,0,0,0,0,0,0
conduttore,0,0,0,0,0,0,0,0
conduzione,0,0,0,0,0,0,0,0
industria,0,0,0,0,0,0,0,0
lega,0,0,0,0,0,0,0,0
lucente,0,0,0,0,0,0,0,0
lucido,0,0,0,0,0,0,0,0
malleabile,0,0,0,0,0,0,0,0
nichel,0,0,0,0,0,0,0,0
pesante,0,0,0,1,0,0,0,0
raffinato,0,0,0,0,0,0,0,0
rame,0,0,0,0,0,0,0,0
alcano,0,0,0,0,0,0,0,0
ambiente,0,0,0,0,0,0,0,0
auschwitz,0,0,0,0,0,0,0,0
automobile,0,0,0,0,0,0,0,0
benzene,0,0,0,0,0,0,0,0
benzina,0,0,0,0,0,0,0,0
bolletta,0,0,0,0,0,0,0,0
calore,0,0,0,0,1,0,0,0
carbone,0,0,0,0,0,0,0,0
carburante,0,0,0,0,0,0,0,0
centrale,0,0,0,0,0,0,0,0
ch4,0,0,0,0,0,0,0,0
combustibile,0,0,0,0,0,0,0,0
estrazione,0,0,0,0,0,0,0,0
etano,0,0,0,0,0,0,0,0
gasolio,0,0,0,0,0,0,0,0
idrocarburo,0,0,0,0,0,0,0,0
indipendenza,0,1,0,0,1,0,1,1
innovativo,0,0,0,0,0,0,0,0
macchine,0,0,0,0,0,0,0,1
mucca,0,0,0,0,0,0,0,0
pagare,0,1,0,0,1,0,0,1
batterio,0,0,1,1,0,0,0,0
microscopico,0,0,0,0,0,0,0,0
ottico,0,0,0,0,0,0,0,0
vedere,0,0,0,0,0,0,0,0
virus,0,0,0,0,0,0,0,0
telescopio,0,0,0,0,0,0,0,0
meiosi,0,0,0,0,0,0,0,0
divisione_cellulare,0,0,0,0,0,0,0,0
duplicazione,0,0,0,0,0,0,0,0
malattia_genetica,0,0,0,0,0,0,0,0
organismo,0,0,0,0,0,0,0,0
riproduzione,0,0,0,0,0,0,0,0
biochimica,0,0,0,0,0,0,0,0
biologico,0,0,0,0,0,0,0,0
buono,0,0,0,0,0,0,0,0
differenziata,0,0,0,0,0,0,0,0
gruppo,0,0,0,0,0,0,0,0
inorganico,0,0,0,0,0,0,0,0
intero,0,0,0,0,0,0,0,0
licenziamento,1,0,1,1,0,1,1,0
ordinato,0,0,0,0,0,0,0,0
organi,0,1,0,0,1,0,0,0
pomodoro,0,0,0,0,0,0,0,0
spazzatura,0,0,1,0,0,1,0,0
uomo,0,0,0,0,0,0,0,0
vivo,0,1,0,0,1,0,0,1
positivo,0,0,0,0,1,0,0,0
ampio,0,0,0,0,0,0,0,0
bivalenza,0,0,0,0,0,0,0,0
cern,0,0,0,0,0,0,0,0
contemporaneità,0,0,0,0,0,0,0,0
parcellizzato,0,0,0,0,0,0,0,0
quanti,0,0,0,0,0,0,0,0
quanto,0,0,0,0,0,0,0,0
simone,0,0,0,0,0,0,0,0
alterare,0,0,0,0,0,0,0,0
catena,0,0,0,0,0,0,0,0
allergia,0,0,0,0,0,0,0,0
anabolismo,0,0,0,0,0,0,0,0
catabolismo,0,0,0,0,0,0,0,0
contraria,1,0,0,1,0,0,0,0
diretta,0,0,0,0,0,0,0,0
emotiva,0,0,0,0,0,1,0,0
esagerata,0,0,0,0,0,0,0,0
inversa,0,0,0,0,0,0,0,0
istintiva,1,0,1,1,0,0,0,0
litigio,0,0,0,0,0,0,0,0
pianto,0,0,0,0,0,1,0,0
reagenti,0,0,0,0,0,0,0,0
reversibile,0,0,0,0,0,0,0,0
scarica,0,0,0,0,0,0,0,0
linguaggio,0,0,0,0,0,0,0,0
ambito,0,0,0,0,0,0,0,0
classico,0,0,0,0,0,0,0,0
indirizzo,0,0,0,0,0,0,0,0
liceo,0,0,0,0,0,0,0,0
linguistico,0,0,0,0,0,0,0,0
pensier,0,0,0,0,0,0,0,0
professionale,0,0,0,0,0,0,0,1
tema,0,0,0,0,0,0,0,0
trattato,1,1,1,1,1,1,1,1
vista,0,0,0,0,0,0,0,0
neurone,0,0,0,0,0,0,0,0
paradosso,0,0,0,0,0,0,0,0
roccia,0,0,0,0,0,0,0,0
astronomia,0,0,0,0,0,0,0,0
biologica,0,0,0,0,0,0,0,0
esterno,0,0,0,0,0,0,0,0
fantascienza,0,0,0,0,0,0,0,0
galilei,0,0,0,0,0,0,0,0
mondo,0,0,0,0,0,0,0,0
tumore,0,0,0,1,0,1,0,0
abitudinario,0,0,0,0,0,0,0,0
celebrale,0,0,0,0,0,0,0,0
contatto,0,0,0,0,0,0,0,0
dendriti,0,0,0,0,0,0,0,0
impulso,0,0,0,0,0,0,0,0
interazione,0,0,0,0,0,0,0,0
legame,0,0,0,0,0,0,0,0
mielina,0,0,0,0,0,0,0,0
necessario,0,0,0,0,0,0,0,0
ponte,0,0,0,0,0,0,0,0
recettore,0,0,0,0,0,0,0,0
stimolo,0,0,0,0,0,0,0,0
concreto,0,0,0,0,0,0,0,0
appoggio,0,0,0,0,0,0,0,0
colorato,0,0,0,0,0,0,0,0
cono,0,0,0,0,0,0,0,0
cubo,0,0,0,0,0,0,0,1
durezza,1,0,0,1,0,0,0,1
gelatina,0,0,1,0,0,0,0,0
geometrico,0,0,0,0,0,0,0,0
grosso,0,0,0,0,0,0,0,0
imponente,0,0,0,0,0,0,0,0
pallone,0,0,0,0,0,0,0,0
penna,0,0,0,0,0,0,0,0
pietra,0,0,0,0,0,0,0,0
prisma,0,0,0,0,0,0,0,0
rigido,0,0,0,0,0,0,0,1
sicuro,0,0,0,0,1,0,0,1
stabile,0,0,0,0,0,0,0,1
tavolo,0,0,0,0,0,0,0,0
volume,1,0,0,0,0,0,0,0
ampolla,0,0,0,0,0,0,0,0
colore,0,0,0,0,0,0,0,0
conoscibile,0,0,0,0,0,0,0,0
cosa,0,0,0,0,0,0,0,0
dannosa,1,0,1,1,0,1,0,0
eccitatorio,0,0,0,0,0,0,0,0
eterna,0,0,0,0,1,0,0,1
gommoso,0,0,0,0,0,0,0,0
inconoscibile,0,0,0,0,0,0,0,0
lava,0,0,0,0,0,0,0,0
liquida,0,0,0,0,0,0,0,0
naturale,0,0,0,0,0,0,0,0
nociva,0,0,1,1,0,0,0,0
nulla,0,0,0,0,0,1,0,0
ossicodone,0,0,0,0,0,0,0,0
primaria,0,0,0,0,0,0,0,0
psicoattiva,0,0,0,0,0,0,0,0
puzzolente,0,0,1,0,0,0,0,0
solida,0,0,0,0,0,0,0,0
stupefacente,0,0,0,0,0,0,1,0
tossica,0,0,1,0,0,0,0,0
unica,0,0,0,0,1,0,1,0
zenzero,0,0,0,0,0,0,0,0
architettonica,0,0,0,0,0,0,0,0
costruzione,0,0,0,0,0,0,0,0
distruzione,1,0,0,1,0,0,0,0
edilizia,0,0,0,0,0,0,0,0
infrastruttura,0,0,0,0,0,0,0,0
lineare,0,0,0,0,0,0,0,0
molecolare,0,0,0,0,0,0,0,0
palazzo,0,0,0,0,0,0,0,0
ramificata,0,0,0,0,0,0,0,0
scheletro,0,0,0,0,0,0,0,0
secondaria,0,0,0,0,0,0,0,0
sysadmin,0,0,0,0,0,0,0,0
foglio,0,0,0,0,0,0,0,0
linkedin,0,0,0,0,0,0,0,0
presentazione,0,0,0,1,0,0,0,0
vitae,0,0,0,0,0,0,0,0
addizione,0,0,0,0,0,0,0,0
appartenenza,0,0,0,0,0,0,0,0
apprendere,0,0,0,1,0,0,0,0
bene,0,0,0,0,0,0,0,0
capire,0,0,0,0,0,0,0,0
comprare,0,0,0,0,0,0,0,0
comprendere,0,0,0,0,0,0,0,0
conquista,0,0,0,1,0,0,0,1
contenuto,0,0,0,0,0,0,0,0
debito,0,0,0,0,0,1,0,0
eredità,0,1,0,0,1,0,1,1
illegale,1,0,1,1,0,1,0,0
immagine,0,0,0,0,0,0,0,0
imparare,0,0,0,0,0,0,0,0
modo,0,0,0,0,0,0,0,0
novità,0,0,0,0,0,0,0,0
nozione,0,0,0,0,0,0,0,0
perdita,1,0,0,1,0,1,0,0
possesso,1,0,1,1,0,0,0,0
prendere,0,0,0,1,0,0,0,0
prepotente,1,0,0,1,0,1,0,0
procedimento,0,0,0,0,0,0,0,0
proprietà,0,0,0,0,0,0,0,0
requisiti,0,0,0,0,0,0,0,0
riscatto,1,0,0,1,0,0,0,0
scanner,0,0,0,0,0,0,0,0
vendita,0,0,0,0,0,0,0,0
vestito,0,0,0,0,0,0,0,0
arma,0,0,0,0,0,0,0,0
arti,0,1,0,0,1,1,1,0
avanzato,0,1,0,1,1,0,1,0
crescita,0,0,0,0,0,0,0,0
danza,0,0,0,0,1,0,0,1
d'arte,0,1,0,0,1,1,1,0
disciplina,0,0,0,0,0,0,0,0
eccellenza,0,0,1,0,1,0,0,1
esercito,0,0,0,0,0,0,0,0
istituto,0,0,0,0,0,0,0,1
lavorare,0,0,0,0,0,0,0,0
ordine,0,0,0,0,0,0,0,0
severo,0,0,0,0,0,0,0,0
sudare,0,0,0,0,0,0,0,0
ufficiali,0,0,0,0,0,0,0,1
binario,0,0,0,0,0,0,0,0
civile,0,0,0,0,1,0,0,1
criptato,0,0,0,0,0,0,0,0
criptico,0,0,0,0,0,0,0,0
nascita,0,1,0,1,1,0,0,1
morse,0,0,0,0,0,0,0,0
password,0,0,0,0,0,0,0,0
penale,1,0,1,1,0,1,0,0
sicurezza,0,0,0,0,0,0,0,0
smartphone,0,0,0,0,0,0,0,0
alfa,0,0,0,0,0,0,0,0
angolare,0,0,0,0,0,0,0,0
cifra,0,0,0,0,0,0,0,1
cofattore,0,0,0,0,0,0,0,0
dilatazione,0,0,0,0,0,0,0,0
fisso,0,0,0,0,0,0,0,1
indicatore,0,0,0,0,0,0,0,0
k,0,0,0,0,0,0,0,0
moltiplicativo,0,0,0,0,0,0,0,0
moltiplicatore,0,0,0,0,0,0,0,0
numerico,0,0,0,0,0,0,0,0
parametro,0,0,0,0,0,0,0,0
permeabilità,0,0,0,0,0,0,0,0
statico,1,0,0,0,0,0,0,0
stechiometria,0,0,0,0,0,0,0,0
arduo,0,0,0,0,0,0,0,0
fascino,0,1,0,0,1,0,1,0
incomprensibile,1,0,0,0,0,0,0,0
moltitudine,0,0,0,0,0,0,0,0
molteplicità,0,0,0,0,0,0,0,0
alimenti,0,0,0,0,0,0,0,0
arctg,0,0,0,0,0,0,0,0
a_seconda,0,0,0,0,0,0,0,0
concavità,0,0,0,0,0,0,0,0
condizioni,0,0,0,0,0,0,0,1
corrispondenze,0,1,0,0,0,0,0,0
coseno,0,0,0,0,0,0,0,0
creazione,0,0,0,0,0,0,0,0
dipendenza,0,0,1,1,0,1,0,0
esponenziale,0,0,0,0,0,0,0,0
primitiva,0,0,0,0,0,0,0,0
latino,0,0,0,0,0,0,0,0
latticini,0,0,0,0,0,0,0,0
odio,1,0,1,1,0,1,0,0
proviene,0,0,0,0,0,0,0,0
seconda,0,0,0,0,0,0,0,0
subalterno,0,0,0,0,0,0,0,0
tangente,0,0,0,0,0,0,0,0
terza,0,0,0,0,0,0,0,0
affermare,0,0,0,0,0,0,0,1
domandarsi,0,0,0,0,0,0,0,0
innocenza,0,0,0,0,0,0,0,0
mostrare,0,0,0,0,0,0,0,1
osservare,0,0,0,0,0,0,0,0
pipa,0,0,0,0,0,0,0,0
ragionare,0,0,0,0,0,0,0,0
sherlock_holmes,0,0,0,0,0,0,0,0
spiegare,0,0,0,0,0,0,0,1
verificare,0,0,0,0,0,0,0,0
comando,0,0,0,0,0,0,0,0
dipendente,0,0,0,0,0,0,0,1
edile,0,0,0,0,0,0,0,0
editoriale,0,0,0,0,0,0,0,0
ercole,0,0,0,0,0,0,0,0
eroe,0,1,0,0,1,0,1,1
eroica,0,0,0,0,1,0,1,1
fantastica,0,0,0,0,0,0,0,0
funebre,0,0,0,0,0,0,0,0
guadagno,0,1,0,0,1,0,0,1
locale,0,0,0,0,0,0,0,0
riuscita,0,0,0,0,0,0,0,0
scalare,0,0,0,0,0,0,0,0
sfiorata,0,0,0,0,0,0,0,0
ambiguo,0,0,0,0,0,0,0,0
condanna,1,0,0,0,0,0,0,0
consuetudine,0,0,0,0,0,0,0,0
cose,0,0,0,0,0,0,0,0
danni,1,0,1,1,0,1,0,0
dio,0,0,0,0,0,0,0,0
diverse,0,0,0,0,0,0,0,0
illimitato,0,0,0,0,0,0,0,0
numeroso,0,0,0,0,0,0,0,0
omicidio,1,0,1,1,0,1,1,0
platino,0,0,0,0,0,0,0,0
ripetuto,0,0,0,0,0,0,0,0
sempre,0,0,0,0,0,0,0,0
trinità,0,0,0,0,0,0,0,0
troppo,0,0,0,0,0,0,0,0
variegate,0,0,0,0,0,0,0,0
vario,0,0,0,0,0,0,0,0
ingresso,0,0,0,0,0,0,0,0
anima,0,0,0,0,1,0,0,0
art_noveau,0,0,0,0,0,0,0,0
ballo,0,0,0,0,0,0,0,0
botticelli,0,0,0,0,0,0,0,0
classica,0,0,0,0,0,0,0,0
compasso,0,0,0,0,0,0,0,0
cosetta,0,0,0,0,0,0,0,0
creatività,0,0,0,0,1,0,0,0
Brunelleschi,0,0,0,0,0,0,0,0
dada,0,0,0,0,0,0,0,0
dipinto,0,0,0,0,0,0,0,0
disegnare,0,0,0,0,0,0,0,0
disegno,0,0,0,0,0,0,0,0
emozione,0,0,0,0,0,0,0,0
espressione,0,0,0,0,0,0,0,0
estetica,0,0,0,0,0,0,0,0
fama,0,0,0,0,0,0,0,0
fantasia,0,1,0,0,1,0,0,0
gauguin,0,0,0,0,0,0,0,0
irrazionale,0,0,1,1,0,0,0,0
leonardo,0,0,0,0,0,0,0,0
manualità,0,0,0,0,0,0,0,0
mina,0,0,0,0,0,0,0,0
monet,0,0,0,0,0,0,0,0
musica,0,0,0,0,1,1,0,0
neoclassicismo,0,0,0,0,0,0,0,0
olio,0,0,0,0,0,0,0,0
opera,0,0,0,0,0,0,0,0
opere,0,0,0,0,0,0,0,0
pace,0,0,0,0,0,0,0,0
picasso,0,0,0,0,0,0,0,0
pittorica,0,0,0,0,0,0,0,0
pittura,0,0,0,0,0,0,0,0
poesia,0,0,0,0,0,0,0,0
professoressa,0,0,0,0,0,0,0,0
quadro,0,0,0,0,0,0,0,0
sentimento,0,0,0,0,0,0,0,0
tratto,0,0,0,0,0,0,0,0
vernice,0,0,0,0,0,0,0,0
compositore,0,0,0,0,0,0,0,0
disegnatore,0,0,0,0,0,0,0,0
assone,0,0,0,0,0,0,0,0
viventi,0,0,0,0,0,0,0,0
flora,0,0,0,0,0,0,0,0
marina,0,0,0,0,0,0,0,0
particolare,0,0,0,0,0,0,0,0
cosmo,0,0,0,0,0,0,0,0
danneggiata,0,0,0,0,0,0,0,0
fauna,0,0,0,0,0,0,0,0
galassia,0,0,0,0,0,0,0,0
habitat,0,0,0,0,0,0,0,0
litosfera,0,0,0,0,0,0,0,0
pianeta,0,0,0,0,0,0,0,0
sfera,0,0,0,0,0,0,0,0
strato,0,0,0,0,0,0,0,0
vivente,0,0,0,0,0,0,0,0
agente,0,0,0,0,0,0,0,0
ascoltare,0,0,0,0,0,0,0,0
verbale,0,0,0,0,0,0,0,0
archeologia,0,1,0,0,0,0,0,0
bisogno,0,0,0,0,0,0,0,0
giovane,0,1,0,0,1,0,1,0
intelligente,0,0,0,0,0,0,0,1
intraprendente,0,0,0,0,0,0,0,0
professionista,0,0,0,0,0,0,0,0
strumento,0,0,0,0,0,0,0,0
tecnico,0,0,0,0,0,0,0,0
acustica,0,0,0,0,0,0,0,0
autovettore,0,0,0,0,0,0,0,0
caratteristica,0,0,0,0,1,0,0,1
costellazione,0,0,0,0,0,0,0,0
acceleratore,1,0,0,0,0,0,0,0
bernoulli,0,0,0,0,0,0,0,0
bobina,0,0,0,0,0,0,0,0
colera,0,0,0,0,0,0,0,0
gravitazione,0,0,0,0,0,0,0,0
induttore,0,0,0,0,0,0,0,0
maledetta,1,0,0,1,0,1,0,0
meccanica,0,0,0,0,0,0,0,0
newton,0,0,0,0,0,0,0,0
quantistica,0,0,0,0,0,0,0,0
fulcro,0,0,0,0,0,0,0,0
induzione,0,0,0,0,0,0,0,0
sublimazione,0,0,0,0,1,0,0,0
transistor,0,0,0,0,0,0,0,0
benessere,0,0,0,0,1,0,0,0
body-building,0,0,0,0,0,0,0,0
campo,0,0,0,0,0,0,0,0
barbabietola,0,0,0,0,0,0,0,0
cartina,0,0,0,0,0,0,0,0
conformazione,0,0,0,0,0,0,0,0
continente,0,0,0,0,0,0,0,0
culture,0,0,0,0,0,0,0,0
divertimento,0,1,0,0,1,0,0,0
equatore,0,0,0,0,0,0,0,0
italia,0,0,0,0,0,0,0,0
mappamondo,0,0,0,0,0,0,0,0
monte,0,0,0,0,0,0,0,0
nazione,0,0,0,0,0,0,0,1
orso,1,0,0,1,0,0,0,0
polo,0,0,0,0,0,0,0,0
territorio,0,0,0,0,0,0,0,0
cotruvo,0,0,0,0,0,0,0,0
madre,0,1,0,0,1,1,0,1
schiacciante,0,0,0,0,0,0,0,0
virale,0,0,0,0,0,0,0,0
visiva,0,0,0,0,0,0,0,0
acquistare,0,0,0,0,0,0,0,0
affari,0,1,0,0,1,0,1,1
argomentare,0,0,0,0,0,0,0,0
comportarsi,0,0,0,0,0,0,0,0
contrattare,0,0,0,0,0,0,0,0
crema,0,1,0,0,1,0,1,0
discutere,0,0,0,0,0,0,0,0
dizionario,0,0,0,0,0,0,0,1
fare,0,0,0,0,0,0,0,0
fatti,0,0,0,0,0,0,0,0
ferita,0,0,0,1,0,1,0,0
giubbino,0,0,0,0,0,0,0,0
illustrare,0,0,0,0,0,0,0,0
interessarsi,0,0,0,0,0,0,0,0
lemma,0,0,0,0,0,0,0,0
lozione,0,0,0,0,0,0,0,0
male,1,0,1,1,0,1,0,0
maltrattare,0,0,0,0,0,0,0,0
papà,0,0,0,0,0,0,0,0
paziente,0,1,0,0,0,0,0,0
pelle,0,0,0,0,0,0,0,0
rispettare,0,0,0,0,0,0,0,0
scacchi,0,0,0,0,0,0,0,0
svolgere,0,0,0,0,0,0,0,0
umanamente,0,0,0,0,0,0,0,0
usare,0,0,0,0,0,0,0,0
america,0,0,0,0,0,0,0,0
amore,0,1,0,0,1,0,0,1
avventura,0,1,0,0,1,0,0,0
cartoline,0,0,0,0,0,0,0,0
crociera,0,0,0,0,1,0,0,0
esplorare,0,1,0,0,0,0,0,0
estero,0,0,0,0,0,0,0,0
meta,0,0,0,0,0,0,0,0
montagna,0,1,0,0,0,0,0,0
speranza,0,1,0,0,1,0,1,1
tour,0,0,0,0,0,0,0,0
vacanza,0,1,0,0,1,0,0,0
accensione,0,0,0,0,0,0,0,0
freno,0,0,0,0,0,0,0,0
marcio,0,0,0,0,0,0,0,0
vespa,0,0,0,1,0,0,0,0
130,0,0,0,0,0,0,0,0
agricoltura,0,0,0,0,0,0,0,0
appuntamento,0,0,0,0,0,0,0,0
audi,0,0,0,0,0,0,0,0
autista,0,0,0,0,0,0,0,0
bmw,0,0,0,0,0,0,0,0
caffè,0,0,0,0,1,0,0,0
cavalli,0,0,0,0,0,0,0,1
comodità,0,0,0,0,0,0,0,0
cucire,0,0,0,0,0,0,0,0
scrivere,0,0,0,0,0,0,0,0
desiderio,0,1,0,0,1,1,0,0
fotografica,0,0,0,0,0,0,0,0
fretta,0,1,0,1,0,0,0,0
fumo,1,0,0,0,0,0,0,0
futurismo,0,0,0,0,0,0,0,0
grigia,0,0,1,0,0,1,0,0
guide,0,0,0,0,0,0,0,1
locomotiva,0,0,0,0,0,0,0,0
mai,0,0,0,0,0,0,0,0
marmitta,0,0,0,0,0,0,0,0
mezzi,0,0,0,0,0,0,0,0
muoversi,0,0,0,0,0,0,0,0
nera,0,0,0,0,0,1,0,0
passeggero,0,0,0,0,0,0,0,0
presse,0,0,0,0,0,0,0,0
rossa,0,0,0,0,0,0,0,0
ruota,0,0,0,0,0,0,0,0
sedile,0,0,0,0,0,0,0,0
smog,0,0,0,0,0,0,0,0
spaziosa,0,0,0,0,0,0,0,0
uso,0,0,0,0,0,0,0,0
volante,0,0,0,0,0,0,0,0
catone,0,0,0,0,0,0,0,0
coach,0,0,0,0,0,0,0,0
ispiratore,0,0,0,0,1,0,0,0
manager,0,0,0,0,0,0,0,0
pubblicità,0,0,0,0,0,0,0,0
sorvegliante,0,0,0,0,0,0,0,0
stima,0,0,0,0,0,0,0,0
abbigliamento,0,0,0,0,0,0,0,0
aggiornamento,0,0,0,0,0,0,0,0
annuale,0,0,0,0,0,0,0,0
aziendale,0,0,0,0,0,0,0,0
bonifica,0,0,0,0,0,0,0,0
cambiamento,0,0,0,0,0,0,0,0
cambio,0,0,0,0,0,0,0,0
capelli,0,0,0,0,0,0,0,0
contratto,0,0,0,0,0,0,0,0
documenti,0,0,0,0,0,0,0,0
industriale,0,0,0,0,0,0,0,0
investimento,0,0,0,0,0,0,0,0
miglioramento,0,0,0,0,1,0,0,1
modifica,0,0,0,1,0,0,1,0
nuovo,0,0,0,0,0,0,0,0
pala,0,0,0,0,0,0,0,0
restaurazione,0,0,0,0,0,0,0,0
restauro,0,0,0,0,0,0,0,0
ricominciare,0,0,0,0,0,0,0,0
ricostruire,0,1,0,0,0,0,0,0
rifare,0,0,0,0,0,0,0,0
riforma,0,0,0,0,0,0,0,0
rilancio,0,0,0,0,0,0,0,0
rinascita,0,1,0,0,1,0,0,1
ristrutturare,0,1,0,0,0,0,0,0
stilistico,0,0,0,0,0,0,0,0
storico,0,0,0,0,0,0,0,0
svecchiare,0,0,0,0,0,0,0,0
vecchio,0,0,0,0,0,0,0,0
visione,0,1,0,0,0,0,0,0
acustico,0,0,0,0,0,0,0,0
elettrico,0,0,0,0,1,0,1,0
fischietto,0,0,0,0,0,0,0,0
gesto,0,0,0,0,1,0,0,0
orizzontale,0,0,0,0,0,0,0,0
polizia,0,0,0,0,0,0,0,0
stradale,0,0,0,0,0,0,0,0
verticale,0,0,0,0,0,0,0,1
flusso,0,0,0,0,0,0,0,0
cammino,0,0,0,0,0,0,0,0
coda,0,0,0,0,0,0,0,0
commercio,0,0,0,0,0,0,0,1
confusione,1,0,0,1,0,1,0,0
fila,0,0,0,0,0,0,0,0
filo,0,0,0,0,0,0,0,0
immobilità,0,0,0,0,0,0,0,0
incidente,0,0,0,1,0,1,1,0
ingorgo,0,0,0,0,0,0,0,0
intenso,1,0,1,1,1,0,1,1
internet,0,0,0,0,0,0,0,0
lento,0,0,0,0,0,1,0,0
milano,0,0,0,0,0,0,0,0
r,0,0,0,0,0,0,0,0
scambio,0,0,0,0,0,0,0,1
semaforo,0,0,0,0,0,0,0,0
concretezza,0,0,0,0,0,0,0,0
cosmetico,0,0,0,0,0,0,0,0
esercitazione,0,0,0,0,0,0,0,0
mobile,0,1,0,0,0,0,0,0
programmazione,0,0,0,0,0,0,0,0
scaricare,0,0,0,0,0,0,0,0
sviluppo,0,0,0,0,0,0,0,0
svolgimento,0,0,0,0,0,0,0,0
telefono,0,0,0,0,0,0,0,0
utilizzo,0,0,0,0,0,0,0,0
adeguata,0,0,0,0,0,0,0,0
andamento,0,0,0,0,0,0,0,0
automatico,0,0,0,0,0,0,0,1
autarchia,0,0,0,0,0,0,0,0
autocontrollo,0,0,0,0,0,0,0,0
autogestione,0,0,0,0,0,0,0,0
autonomia,0,0,0,0,0,0,0,0
autosufficienza,0,0,0,0,0,0,0,0
bravura,0,0,0,0,0,0,0,0
capo,0,0,0,0,0,0,0,1
collaborazione,0,0,0,0,0,0,0,1
comfort,0,1,0,0,1,0,0,1
coscienza,0,0,0,0,0,0,0,1
disorganizzata,0,0,0,0,0,0,0,0
dote,0,0,0,0,0,0,0,0
ente,0,0,0,0,0,0,0,0
gestione,0,0,0,0,0,0,0,1
gestita,0,0,0,0,0,0,0,1
imprenditore,0,0,0,0,0,0,0,0
individuale,0,0,0,0,0,0,0,0
inefficienza,0,0,1,0,0,1,0,0
interessante,0,0,0,0,0,0,0,0
mancata,0,0,0,0,0,0,0,0
mia,0,0,0,0,0,0,0,0
organizzare,0,0,0,0,0,0,0,0
pranzo,0,0,0,0,0,0,0,0
quotidiano,0,1,0,0,0,0,0,0
reddito,0,1,0,0,1,1,0,1
self-made,0,0,0,0,0,0,0,0
self-service,0,0,0,0,0,0,0,0
solitario,1,0,1,1,0,1,0,0
solo,0,0,0,0,0,1,0,0
uscita,0,0,0,0,0,0,0,0
aiutante,0,0,0,0,0,0,0,1
anziano,0,0,0,0,0,0,0,0
arbitro,0,0,0,0,0,0,0,1
ausilio,0,0,0,0,0,0,0,0
braccio,0,0,0,0,0,0,0,0
chirurgo,0,0,0,0,0,0,0,0
collaboratore,0,0,0,0,0,0,0,1
commerciale,0,0,0,0,0,0,0,0
consulente,1,0,0,1,0,0,0,1
eseguire,0,0,0,0,0,0,0,0
lavoratore,0,0,0,0,0,0,0,0
paga,0,1,0,0,1,0,0,1
sanitario,0,0,0,0,0,0,0,0
schiavo,1,0,0,1,0,1,0,0
segretaria,0,0,0,0,0,0,0,0
segretario,0,0,0,0,0,0,0,0
supportare,0,0,0,0,0,0,0,0
tutor,0,0,0,0,0,0,0,0
amicizie,0,0,0,0,1,0,0,1
bianco,0,0,0,0,0,0,0,0
campus,0,0,0,0,0,0,0,0
compagnia,0,0,0,0,0,0,0,0
comunità,0,0,0,0,0,0,0,0
finestra,0,0,0,0,0,0,0,0
giudice,0,0,0,0,0,0,0,1
interattiva,0,0,0,0,0,0,0,0
lim,0,0,0,0,0,0,0,0
magna,0,0,0,0,0,0,0,0
scolastica,0,0,0,0,0,0,0,0
stamza,0,0,0,0,0,0,0,0
stanza,0,0,0,0,0,0,0,0
tribunale,1,1,1,1,0,0,0,1
bioetica,0,0,0,0,0,0,0,0
biotecnologia,0,0,0,0,0,0,0,0
biotecnologie,0,0,0,0,0,0,0,0
frontiera,0,0,0,0,0,0,0,0
settoriale,0,0,0,0,0,0,0,0
carducci,0,0,0,0,0,0,0,0
cattedra,0,0,0,0,0,0,0,1
biscotti,0,0,0,0,0,0,0,0
biscotto,0,0,0,0,0,0,0,0
brano,0,0,0,0,0,0,0,0
capitolo,0,0,0,0,0,0,0,0
cereale,0,0,0,0,0,0,0,0
cereali,0,0,0,0,0,0,0,0
chicco,0,0,0,0,0,0,0,0
completo,0,0,0,0,1,0,0,0
definito,0,0,0,0,0,0,0,1
diretto,0,0,0,0,0,0,0,0
diverso,0,0,0,0,0,0,0,0
dx,0,0,0,0,0,0,0,0
fibre,0,0,0,0,0,0,0,0
genuino,0,0,0,0,0,0,0,1
indefinito,0,0,0,0,0,0,0,0
integro,0,0,0,0,0,0,0,0
inverso,0,0,0,0,0,0,0,0
nutriente,0,0,0,0,0,1,0,0
nutrizione,0,0,0,0,0,0,0,0
orecchio,0,0,0,0,0,0,0,0
pane,0,0,0,0,0,0,0,0
parziale,0,0,0,0,0,0,0,0
pasta,0,0,0,0,0,0,0,0
primitive,0,0,0,0,0,0,0,0
rette,0,0,0,0,0,0,0,0
salutare,0,0,0,0,1,0,0,1
collegato,0,0,0,0,0,0,0,0
ferrovia,0,0,0,0,0,0,0,0
globalizzazione,0,0,0,0,0,0,0,0
reti,0,1,0,0,0,0,0,0
social,0,0,0,0,0,0,0,0
cancellare,1,0,0,1,0,1,0,0
cassino,0,0,0,0,0,0,0,0
foglio_di_lavoro,0,0,0,0,0,0,0,0
gesso,0,0,0,0,0,0,0,0
istruttivo,0,0,0,0,0,0,0,0
multimediale,0,0,0,0,0,0,0,0
nero,0,0,0,0,0,1,0,0
polvere,0,0,0,0,0,0,0,0
professione,0,0,0,0,0,0,0,0
superiori,0,1,0,0,0,0,0,1
ingegnere,0,0,0,0,0,0,0,0
logico,0,0,0,0,0,0,0,0
reale,0,0,0,0,0,0,0,0
scoprire,0,0,0,0,0,0,1,0
toma,0,0,0,0,0,0,0,0
101.,0,0,0,0,0,0,0,0
avanzata,0,0,0,0,0,0,0,0
batteria,1,0,0,0,0,0,0,0
camion,0,0,0,0,0,0,0,1
caricatore,0,0,0,0,0,0,0,0
cavaliere,0,0,0,0,0,0,0,0
condensatore,0,0,0,0,0,0,0,0
esaurimento,0,1,0,0,0,1,0,0
motrice,0,0,0,0,0,0,0,0
negativa,0,0,0,0,0,1,0,0
neutra,0,1,0,0,0,0,0,1
opposta,0,0,0,0,0,0,0,0
pila,0,0,0,0,0,0,0,0
positiva,0,0,0,0,1,0,0,0
spinta,0,0,0,0,0,0,0,0
volt,0,0,0,0,0,0,0,0
africa,0,0,0,0,0,0,0,0
alpina,0,0,0,0,0,0,0,0
campione,0,1,0,0,1,0,0,1
civiltà,0,0,0,0,0,0,0,1
collettività,0,0,0,0,0,0,0,0
continenti,0,0,0,0,0,0,0,0
costumi,0,0,0,0,0,0,0,0
densità,0,0,0,0,0,0,0,0
etnia,0,0,0,0,0,0,0,0
europeo,0,0,0,0,0,0,0,0
extraeuropeo,0,0,0,0,0,0,0,0
gente,0,0,0,0,0,0,0,0
gerarchico,0,0,0,0,0,0,0,0
grandi,0,0,0,0,0,0,0,0
individui,0,0,0,0,0,0,0,0
integrazione,0,0,0,0,0,0,0,0
migrazione,0,0,0,0,0,0,0,0
moda,0,0,0,0,0,0,0,1
mondiale,0,0,0,0,0,0,0,0
molta,0,0,0,0,0,0,0,0
mondiali,0,0,0,0,0,0,0,0
nomade,0,0,0,0,0,0,0,0
occidentale,0,0,0,0,0,0,0,0
orientale,0,0,0,0,0,0,0,0
poveri,0,0,0,0,0,1,0,0
razza,0,0,0,0,0,0,0,0
spostamento,0,0,1,0,0,0,0,0
tecnologiche,0,0,0,0,0,0,0,0
tradizioni,0,0,0,0,0,0,0,0
tribu,0,0,0,0,0,0,0,0
uomini,0,0,0,0,0,0,0,0
avere,0,0,0,0,0,0,0,0
conquistare,0,0,0,1,0,0,0,1
conseguire,0,0,0,0,0,0,0,0
elogio,0,0,0,0,0,0,0,1
favore,0,0,0,0,1,0,0,0
niente,0,0,0,0,0,0,0,0
premio,0,1,0,0,1,0,1,1
promozione,0,0,0,0,0,0,0,0
raggiungere,0,0,0,0,1,0,0,1
rimborso,0,0,0,0,0,0,0,1
sforzo,0,0,0,0,0,0,0,0
stanco,1,0,0,0,0,1,0,0
vincere,0,0,0,0,0,0,0,0
mercato,0,0,0,0,0,0,0,0
acquirente,0,0,0,0,0,0,0,0
aritmetico,0,0,0,0,0,0,0,0
aziende,0,0,0,0,0,0,0,0
chimici,0,0,0,0,0,0,0,1
complessi,0,0,0,0,0,0,0,0
farmaceutici,0,0,0,0,0,0,0,0
igiene,0,0,0,0,0,0,0,0
industrie,0,0,0,0,0,0,0,0
materie_prime,0,0,0,0,0,0,0,0
merce,0,0,0,1,0,0,0,1
raccolto,0,0,0,0,0,0,0,0
scarto,0,0,0,0,0,0,0,0
supermercato,0,0,0,0,0,0,0,0
verbo,0,0,0,0,0,0,0,0
arrotondamento,0,0,0,0,0,0,0,0
circa,0,0,0,0,0,0,0,0
confronto,0,0,0,0,0,0,0,0
difetto,1,0,0,0,0,1,0,0
eccesso,0,0,1,0,0,0,0,0
facilità,0,0,0,0,0,0,0,0
giungere,0,0,0,0,0,0,0,0
imprecisione,0,0,0,0,0,0,0,0
impreciso,0,0,0,0,0,0,0,0
indeterminazione,0,0,0,0,0,0,0,0
interpolazione,0,0,0,0,0,0,0,0
sbagliato,0,0,0,0,0,0,0,0
semplificazione,0,0,0,0,0,0,0,0
superficialità,0,0,0,0,0,0,0,0
virgola,0,0,0,0,0,0,0,0
",atematica",0,0,0,0,0,0,0,0
calcolatrice,0,0,0,0,0,0,0,0
moltiplicare,0,0,0,0,0,0,0,0
operare,0,0,0,0,0,0,0,0
operazione,0,0,0,1,0,0,0,1
sommare,0,0,0,0,0,0,0,0
sottrazione,0,0,0,0,0,0,0,0
strategia,0,0,0,0,0,0,0,0
arginare,0,0,0,0,0,0,0,0
autobus,0,0,0,0,1,0,0,0
bloccare,0,0,0,0,0,0,0,0
bus,0,0,0,0,0,0,0,0
caccia,1,0,0,0,0,1,0,0
contenere,0,0,0,0,0,0,0,0
continuare,0,0,0,0,0,0,0,0
forzare,0,0,0,0,0,0,0,0
frenare,1,0,0,1,0,0,0,0
gelare,0,0,0,0,0,0,0,0
immobile,0,0,0,0,0,0,0,1
impedire,0,0,0,1,0,0,0,0
interrompere,1,0,0,0,0,0,1,0
interruzione,1,0,0,1,0,0,1,0
intralciare,0,0,0,0,0,0,0,0
pausa,0,0,0,0,0,0,0,0
registrazione,0,0,0,0,0,0,0,0
rinunciare,1,0,0,0,0,0,0,0
sbagliare,0,0,0,0,0,0,0,0
selvaggina,0,0,0,0,0,0,0,0
setter,0,0,0,0,0,0,0,0
sospendere,0,0,0,0,0,0,0,0
terminare,0,0,0,0,0,1,0,0
vincolo,1,0,0,1,0,1,0,0
alimento,0,0,0,0,0,0,0,0
costo,0,0,0,0,0,0,0,0
divisone,0,0,0,0,0,0,0,0
plusvalore,0,0,0,0,0,0,0,0
assenze,0,0,0,1,0,1,0,0
battere,1,0,0,1,0,1,0,0
bocciato,0,0,0,0,0,0,0,0
guinness,0,0,0,0,0,0,0,0
imbattibile,0,0,0,0,0,0,0,0
incredibile,0,0,0,0,0,0,1,0
migliorare,0,0,0,0,0,0,0,0
migliore,0,0,0,0,0,0,0,0
oltre,0,0,0,0,0,0,0,0
performance,0,0,0,0,0,0,0,0
primato,0,0,0,0,0,0,0,0
primo,0,0,0,0,0,0,0,1
strepitoso,0,0,0,0,0,0,0,0
unico,0,0,0,0,1,0,1,0
vittoria,0,1,0,0,1,0,0,1
grammaticale,0,0,0,0,0,0,0,0
urine,0,0,0,0,0,0,0,0
cortesia,0,0,0,0,0,0,0,0
cuore,0,0,0,0,1,0,0,0
de_Andre,0,0,0,0,0,0,0,0
femorale,0,0,0,0,0,0,0,0
petto,0,0,0,0,0,0,0,0
polmonare,0,0,0,0,0,0,0,0
polmone,0,0,0,0,0,0,0,0
puntura,1,0,1,1,0,0,1,0
succlavia,0,0,0,0,0,0,0,0
superficiale,0,0,0,0,0,0,0,0
calvin,0,0,0,0,0,0,0,0
chiusura,0,1,0,0,1,1,0,0
continuo,0,0,0,0,0,0,0,0
corso,0,0,0,0,0,0,0,0
crebs,0,0,0,0,0,0,0,0
donna,0,0,0,0,0,0,0,0
fertilità,0,0,0,0,0,0,0,0
karma,0,0,0,0,0,0,0,0
krebs,0,0,0,0,0,0,0,0
lisogeno,0,0,0,0,0,0,0,0
luna,0,0,0,0,0,0,0,0
lunare,0,0,0,0,0,0,0,0
mensile,0,0,0,0,0,0,0,0
mestruazioni,0,0,0,0,0,0,0,0
mitocondrio,0,0,0,0,0,0,0,0
nervosismo,0,0,0,1,0,0,0,0
ovulazione,0,0,0,0,0,0,0,0
produttivo,0,0,0,0,0,0,0,0
ragazze,0,0,0,0,0,0,0,0
ricorrenza,0,0,0,0,0,0,0,0
ripercorrere,0,0,0,0,0,0,0,0
ripetersi,0,0,0,0,0,0,0,0
simmetria,0,0,0,0,0,0,0,0
vinto,0,0,0,0,0,0,0,0
associazione,0,0,0,0,0,0,0,1
cittadino,0,0,0,0,0,0,0,0
giro,0,0,0,0,0,0,0,0
letterario,0,0,0,0,0,0,0,0
milan,0,0,0,0,0,0,0,0
politico,0,0,1,0,0,0,0,0
ricreativo,0,1,0,0,1,0,0,0
ritorno,0,0,0,0,0,0,0,0
teatrale,0,0,0,0,0,0,0,0
tennis,0,0,0,0,0,0,0,0
vizioso,1,0,1,0,0,0,0,0
abbassamento,0,0,0,0,0,0,0,0
alcool,0,0,0,0,0,0,0,0
annichilimento,0,0,0,0,0,0,0,0
cadere,0,0,0,0,0,1,0,0
caduta,0,0,0,1,0,1,0,0
cedere,0,0,0,0,0,0,0,0
cedimento,0,0,0,0,0,1,0,0
dormire,0,0,0,0,0,0,0,0
festa,0,1,0,0,1,0,1,1
mancamento,0,0,0,0,0,0,0,0
svenimento,0,0,0,1,0,1,1,0
svenire,0,0,0,0,0,0,0,0
zucchero,0,0,0,0,0,0,0,0
assassino,1,0,1,1,0,1,1,0
carabinieri,0,0,0,0,0,0,0,0
carcere,0,0,0,0,0,0,0,0
cattiveria,1,0,1,1,0,0,0,0
colpevole,1,0,0,0,0,1,0,0
commettere,0,0,0,0,0,0,0,0
detective,0,0,0,0,0,0,0,0
ergastolo,0,0,0,0,0,0,0,0
furto,1,0,1,1,0,1,0,0
gang,0,0,0,0,0,0,0,0
impunito,0,0,0,0,0,0,0,0
indagine,0,1,0,0,0,0,0,0
killer,0,0,0,0,0,0,0,0
ladro,1,0,1,1,0,1,1,0
pistola,1,0,0,1,0,0,0,0
prigione,1,0,0,1,0,1,0,0
punizione,1,0,1,1,0,0,0,0
rapina,1,0,1,1,0,1,0,0
reato,0,0,0,0,0,0,0,0
rubare,1,0,1,1,0,1,0,0
sopruso,0,0,0,0,0,0,0,0
umanità,0,0,0,0,1,0,0,1
vittima,1,0,0,1,0,1,0,0
prigioniero,1,0,1,1,0,1,0,0
desossiribosio,0,0,0,0,0,0,0,0
adenina,0,0,0,0,0,0,0,0
citosina,0,0,0,0,0,0,0,0
elica,0,0,0,0,0,0,0,0
genetica,0,0,0,0,0,0,0,0
gene,0,0,0,0,0,0,0,0
genoma,0,0,0,0,0,0,0,0
informazione,0,0,0,0,0,0,0,0
mrna,0,0,0,0,0,0,0,0
peptidi,0,0,0,0,0,0,0,0
riconoscimento,0,1,0,0,1,0,1,1
rna,0,0,0,0,0,0,0,0
antisettico,0,0,0,0,0,0,0,1
benda,0,1,0,1,0,0,1,0
cerotto,0,0,0,0,0,0,0,0
disinfettante,0,0,0,0,0,0,0,0
fasciatura,0,0,0,0,0,0,0,0
gamba,0,0,0,0,0,0,0,0
garza,0,0,0,0,0,0,0,0
infermeria,0,0,0,0,0,0,0,0
infermiere,0,0,0,0,0,0,0,1
medicine,0,0,0,0,0,0,0,0
suocera,0,0,0,0,0,0,0,0
approfittare,0,0,0,0,0,0,0,0
asso,0,0,0,0,0,0,0,0
attrezzo,0,0,0,0,0,0,0,0
trasporto,0,0,0,0,0,0,0,1
mazzo,0,0,0,0,0,0,0,0
metà,0,0,0,0,0,0,0,0
nave,0,1,0,0,0,0,0,0
panino,0,0,0,0,0,0,0,0
pubblico,0,1,0,0,0,0,0,0
quarto,0,0,0,0,0,0,0,0
sette,0,0,0,0,0,0,0,0
tra,0,0,0,0,0,0,0,0
tram,0,0,0,0,0,0,0,0
vettura,0,0,0,0,0,0,0,0
vicolo,0,0,0,0,0,0,0,0
collo,0,0,0,0,0,0,0,0
coltello,0,0,0,0,0,0,0,0
forbice,0,0,0,0,0,0,0,0
incisione,0,0,0,0,0,0,0,0
lacerato,0,0,0,0,0,0,0,0
gola,0,0,1,0,0,0,0,0
talea,0,0,0,0,0,0,0,0
afganistan,0,0,0,0,0,0,0,0
arabia,0,0,0,0,0,0,0,0
armi,0,0,0,0,0,0,0,0
attacco,1,0,0,1,0,0,0,0
attentato,0,0,0,0,0,0,0,0
brigate_rosse,0,0,0,0,0,0,0,0
cia,0,0,0,0,0,0,0,0
complotto,0,0,0,0,0,0,0,0
estremisti,0,0,0,0,0,0,0,0
fanatismo,0,0,0,1,0,0,0,0
francia,0,0,0,0,0,0,0,0
fucilazione,0,0,0,0,0,0,0,0
innocenti,0,0,0,0,0,0,0,1
inquietudini,0,0,0,0,0,0,0,0
isis,0,0,0,0,0,0,0,0
kamikaze,0,0,0,0,0,0,0,0
libia,0,0,0,0,0,0,0,0
morti,0,0,0,0,0,1,0,0
onu,0,0,0,0,0,0,0,0
orrore,1,0,1,1,0,1,1,0
panico,0,0,0,1,0,0,0,0
povertà,1,0,1,1,0,1,0,0
psicologico,0,0,0,1,0,0,0,0
strage,0,0,0,0,0,0,0,0
terrore,0,0,0,1,0,0,0,0
anatomia,0,0,0,0,0,0,0,0
aorta,0,0,0,0,0,0,0,0
app.circolatorio,0,0,0,0,0,0,0,0
artistica,0,0,0,0,0,0,0,0
capillare,0,0,0,0,0,0,0,0
cava,0,0,0,0,0,0,0,0
circolazione,0,0,0,0,0,0,0,0
elastica,0,0,0,0,0,0,0,0
inconsapevole,0,0,0,0,0,0,0,0
larga,0,0,0,0,0,0,0,0
scoppiata,0,0,0,0,0,0,0,0
arco,0,0,0,0,0,0,0,0
associare,0,0,0,0,0,0,0,0
autografo,0,0,0,0,0,0,0,0
bibliotecario,0,0,0,0,0,0,0,0
corpuscolo,0,0,0,0,0,0,0,0
creatore,0,0,0,0,0,0,0,0
fotografo,0,0,0,0,0,0,0,0
grafia,0,0,0,0,0,0,0,0
grafite,0,0,0,0,0,0,0,0
grifondoro,0,0,0,0,0,0,0,0
letteratura,0,0,0,0,0,0,0,0
magico,0,1,0,0,1,0,1,0
matita,0,0,0,0,0,0,0,0
normografo,0,0,0,0,0,0,0,0
parabola,0,0,0,0,0,0,0,0
pezzo,0,0,0,0,0,0,0,0
riquadro,0,0,0,0,0,0,0,0
salvo,0,0,0,0,0,0,0,0
scriba,0,0,0,0,0,0,0,0
scrittore,0,0,0,0,0,0,0,0
scrivania,0,0,0,0,0,0,0,0
simbolo,0,0,0,0,0,0,0,0
sismografo,0,0,0,0,0,0,0,0
soccorso,0,0,0,0,0,0,0,0
sostegno,0,0,0,0,0,0,0,0
stilo,0,0,0,0,0,0,0,0
telegrafo,0,0,0,0,0,0,0,0
antico,0,0,0,0,0,0,0,0
programmato,0,0,0,0,0,0,0,0
uniforma,0,0,0,0,0,0,0,0
virtù,0,0,0,0,0,0,0,1
dettato,0,0,0,0,0,0,0,0
inglese,0,0,0,0,0,0,0,0
quaderno,0,0,0,0,0,0,0,0
ricordare,0,0,0,0,0,0,0,0
euclide,0,0,0,0,0,0,0,0
fondamentale,0,0,0,0,0,0,0,1
indimostrabile,0,0,0,0,0,0,0,0
paradigma,0,0,0,0,0,0,0,0
adempimento,0,0,0,0,0,0,0,0
agonistica,0,0,0,0,0,0,0,0
inconscio,0,0,0,0,0,0,0,0
motoria,0,0,0,0,0,0,0,0
sportiva,0,0,0,0,0,0,0,0
svolta,0,0,0,0,0,0,0,0
umana,0,0,0,0,0,0,0,0
windows,0,0,0,0,0,0,0,0
BB,0,0,0,0,0,0,0,0
campanella,0,0,0,0,0,0,0,0
cestino,0,0,0,0,0,0,0,0
porta,0,0,0,0,0,0,0,0
unito,0,1,0,0,0,0,0,0
vestiario,0,0,0,0,0,0,0,0
adatto,0,0,0,0,0,0,0,0
aggressività,0,0,0,0,0,0,0,0
agire,0,0,0,0,0,0,0,0
arrogante,1,0,1,0,0,0,0,0
atteggiamento,0,0,0,0,0,0,0,0
attitudine,0,0,0,0,0,0,0,0
cattivo,1,0,1,1,0,1,0,0
condotta,0,0,0,0,0,0,0,0
discontinuo,0,0,0,0,0,0,0,0
dolcezza,0,0,0,0,1,0,0,0
educato,0,0,0,0,0,0,0,0
egoista,1,0,1,0,0,0,0,0
errato,0,0,0,0,0,0,0,0
giusto,0,0,0,0,0,0,0,0
inadeguatezza,0,0,0,0,0,0,0,0
inadeguato,0,0,0,0,0,1,0,0
opportuno,0,0,0,0,1,0,0,0
risata,0,1,0,0,1,0,1,0
scorrettezza,0,0,0,0,0,0,0,0
scorretto,0,0,0,0,0,0,0,0
spontaneo,0,0,0,0,0,0,0,0
strano,0,0,1,1,0,0,1,0
modificare,0,0,0,1,0,0,1,0
calamita,0,0,0,0,0,0,0,0
campo_magnetico,0,0,0,0,0,0,0,0
gauss,0,0,0,0,0,0,0,0
magnete,0,0,0,0,0,0,0,1
magnetico,0,0,0,0,0,0,0,1
maxwell,0,0,0,0,0,0,0,0
nord,0,0,0,0,0,0,0,0
onde,0,0,0,0,0,0,0,0
poli_magnetici,0,0,0,0,0,0,0,0
collettivo,0,0,0,0,0,0,0,0
fantasma,0,0,0,1,0,0,0,0
fantastico,0,0,0,0,0,0,0,0
fantasy,0,0,0,0,0,0,0,0
irreale,0,0,0,0,0,0,0,0
mostro,0,0,0,1,0,0,0,0
sconosciuto,0,1,0,1,0,0,0,0
sogno,0,0,0,0,0,0,0,0
surreale,0,0,0,0,1,0,0,0
unicorno,0,0,0,0,0,0,0,0
utopico,0,1,0,0,1,0,0,1
zombie,0,0,0,0,0,0,0,0
nozioni,0,0,0,0,0,0,0,0
puntualità,0,0,0,0,0,0,0,0
ellenico,0,0,0,0,0,0,0,0
lettura,0,0,0,0,0,0,0,0
trama,0,0,0,0,0,0,0,0
deserto,1,0,1,1,0,1,0,0
postazione,0,0,0,0,0,0,0,0
provincia,0,0,0,0,0,0,0,0
via,0,0,0,0,0,0,0,0
delinquere,0,0,0,0,0,0,0,0
calcistica,0,0,0,0,0,0,0,0
casuale,0,0,0,0,0,0,0,0
comitiva,0,0,0,0,0,0,0,0
criminale,0,0,0,1,0,0,0,0
decisione,0,0,0,0,0,0,0,0
feste,0,1,0,0,1,0,1,1
interloquire,0,0,0,0,0,0,0,0
leader,0,0,0,0,0,0,0,0
mafia,0,0,0,1,0,0,0,0
no_profit,0,0,0,0,0,0,0,0
ordinare,0,0,0,0,0,0,0,0
perfetta,0,1,0,0,1,0,0,1
perfezione,0,1,0,0,1,0,1,1
precisione,0,0,0,0,0,0,0,0
programmare,0,0,0,0,0,0,0,0
riunirsi,0,0,0,0,0,0,0,0
segreta,0,0,0,0,0,0,0,1
semplicità,0,0,0,0,1,0,0,0
sistemare,0,0,0,0,0,0,0,0
sistematica,0,0,0,0,0,0,0,0
statale,0,0,0,0,0,0,0,0
umanitaria,0,1,0,0,1,0,1,1
bordo,0,0,0,0,0,0,0,0
b,0,0,0,0,0,0,0,0
bach,0,0,0,0,0,0,0,0
bar,0,0,0,0,0,0,0,0
cartesiano,0,0,0,0,0,0,0,0
chitarra,0,0,0,0,0,0,0,0
cottura,0,0,0,0,0,0,0,0
liscio,0,0,0,0,0,0,0,0
note,0,0,0,0,0,0,0,0
retta,0,0,0,0,0,0,0,0
rialzato,0,0,0,0,0,0,0,0
solito,0,0,0,0,0,0,0,1
superficie,0,0,0,0,0,0,0,0
tasto,0,0,0,1,0,0,0,0
bidimensionale,0,0,0,0,0,0,0,0
biennio,0,0,0,0,0,0,0,0
tiro,1,0,0,1,0,1,0,0
esagono,0,0,0,0,0,0,0,0
lati,0,0,0,0,0,0,0,0
ottagono,0,0,0,0,0,0,0,0
pentagono,0,0,0,0,0,0,0,0
quattro,0,0,0,0,0,0,0,0
regolare,0,0,0,0,0,0,0,1
sparare,1,0,0,1,0,0,0,0
spigolo,0,0,0,0,0,0,0,0
trapezio,0,0,0,0,0,0,0,0
vertice,0,0,0,0,0,0,0,0
deludente,0,0,0,0,0,1,0,0
sedia,0,0,0,0,0,0,0,0
vicino,0,0,0,0,0,0,0,0
advertising,0,0,0,0,0,0,0,0
adwords,0,0,0,0,0,0,0,0
annuncio,0,1,0,0,0,0,0,0
bocciare,0,0,0,0,0,0,0,0
incaricare,0,0,0,0,0,0,0,0
iniziativa,0,0,0,0,0,0,0,0
innovare,0,0,0,0,0,0,0,0
premiare,0,0,0,0,0,0,0,0
pubblicizzare,0,0,0,0,0,0,0,0
riconoscere,0,0,0,0,0,0,0,0
sublimare,0,0,0,0,0,0,0,0
visibilità,0,0,0,0,0,0,0,0
indietro,1,0,1,0,0,0,0,0
pacco,0,0,0,0,0,0,0,0
riprendere,0,0,0,0,0,0,0,0
ebola,0,0,0,0,0,0,0,0
nonlinearità,0,0,0,0,0,0,0,0
ambientale,0,0,0,0,0,0,0,0
isolato,0,0,0,0,0,0,0,0
linfatico,0,0,0,0,0,0,0,0
operativo,0,0,0,0,0,0,0,0
parasimpatico,0,0,0,0,0,0,0,0
parentesi,0,0,0,0,0,0,0,0
riferimento,0,0,0,0,0,0,0,0
sistema_operativo,0,0,0,0,0,0,0,0
sostituzione,0,0,0,0,0,0,0,0
competenza,0,1,0,0,1,0,1,1
elementari,0,0,0,0,0,0,0,0
legali,0,0,0,0,0,0,0,1
master,0,0,0,0,0,0,0,0
ottantamila,0,0,0,0,0,0,0,0
scuola_superiore,0,0,0,0,0,0,0,0
valori,0,0,0,0,0,0,0,1
carriera,0,1,0,0,0,0,0,0
costantemente,0,0,0,0,0,0,0,1
leggere,0,0,0,0,0,0,0,0
pomeriggio,0,0,0,0,0,0,0,0
sottolineare,0,0,0,0,0,0,0,0
consiglio,0,0,0,0,0,0,0,1
dettaglio,0,0,0,0,0,0,0,0
indicazione,0,0,0,0,0,0,0,0
sostenere,0,0,0,0,0,0,0,1
istantaneo,0,0,0,0,0,0,0,0
legale,0,0,0,0,0,0,0,1
morale,1,1,1,0,1,0,1,1
periferica,0,0,0,0,0,0,0,0
solidarietà,0,0,0,0,0,0,0,1
show,0,0,0,0,0,0,0,0
armadio,0,0,0,0,0,0,0,0
birra,0,0,0,0,1,0,0,0
campana,0,0,0,0,0,0,0,0
cocci,0,0,0,0,0,0,0,0
cristallo,0,0,0,0,0,0,0,0
finestre,0,0,0,0,0,0,0,0
fragile,0,0,0,1,0,1,0,0
frammenti,0,0,0,0,0,0,0,0
lampada,0,0,0,0,0,0,0,0
oggettivistica,0,0,0,0,0,0,0,0
plastica,0,0,0,0,0,0,0,0
riflesso,0,0,0,0,0,0,0,0
rotto,0,0,0,0,0,0,1,0
sabbia,0,0,0,0,0,0,0,0
scasso,0,0,0,0,0,0,0,0
scheggia,0,0,0,0,0,0,0,0
silicati,0,0,0,0,0,0,0,0
specchio,0,0,0,0,0,0,0,0
sporco,0,0,1,0,0,0,0,0
tagliente,0,0,0,0,0,0,0,0
temperato,1,0,0,0,0,0,0,0
termoresistente,0,0,0,0,0,0,0,0
trasparente,0,0,0,0,0,0,0,0
abitazione,0,0,0,0,0,0,0,0
albo,0,0,0,0,0,0,0,0
autocad,0,0,0,0,0,0,0,0
cattedrale,0,0,0,0,1,0,0,1
ceppi,0,0,0,0,0,0,0,0
commercialista,0,0,0,0,0,0,0,0
costruzioni,0,0,0,0,0,0,0,0
design,0,0,0,0,0,0,0,0
edifici,0,0,0,0,0,0,0,0
immaginazione,0,0,0,0,0,0,0,1
inventiva,0,0,0,0,0,0,0,0
progettazione,0,0,0,0,0,0,0,0
prospetto,0,0,0,0,0,0,0,0
ascissa,0,0,0,0,0,0,0,0
ascisse,0,0,0,0,0,0,0,0
asintoto,0,0,0,0,0,0,0,0
assedio,0,0,0,0,0,0,0,0
cartesio,0,0,0,0,0,0,0,0
distanza,0,0,0,0,0,0,0,0
ferramenta,0,0,0,0,0,0,0,0
intersezione,0,0,0,0,0,0,0,0
obliquo,1,1,0,0,0,0,0,0
ordinata,0,0,0,0,0,0,0,1
parallelo,0,0,0,0,0,0,0,0
pavimento,0,0,0,0,0,0,0,0
perpendicolare,0,0,0,0,0,0,0,0
roma-berlino,0,0,0,0,0,0,0,0
segmento,0,0,0,0,0,0,0,0
spillo,0,0,0,0,0,0,0,1
terrestre,0,0,0,0,0,0,0,0
y,0,0,0,0,0,0,0,0
astri,0,0,0,0,0,0,0,0
astrofisica,0,0,0,0,0,0,0,0
astrofisico,0,0,0,0,0,0,0,0
astrologia,0,0,0,0,0,0,0,0
astronave,0,0,0,0,0,0,0,0
cannocchiale,0,0,0,0,0,0,0,0
galassie,0,0,0,0,0,0,0,0
meteoriti,0,0,0,0,0,0,0,0
satellite,0,0,0,0,0,0,0,0
stella,0,1,0,0,1,0,0,1
articolo,0,0,0,0,0,0,0,0
artista,0,0,0,0,0,0,0,0
bestseller,0,0,0,0,0,0,0,0
boudelaire,0,0,0,0,0,0,0,0
cantante,0,0,0,0,0,0,0,0
cantautore,0,0,0,0,0,0,0,0
comunista,0,0,0,0,0,0,0,0
d0annunzio,0,0,0,0,0,0,0,0
dante,0,0,0,0,0,0,0,0
famoso,0,0,0,0,0,0,0,0
firma,0,0,0,0,0,0,0,1
leopardo,0,0,0,0,0,0,0,0
libreria,0,0,0,0,0,0,0,0
notizia,0,0,0,0,0,0,0,0
pascoli,0,0,0,0,0,0,0,0
poeta,0,0,0,0,0,0,0,0
racconto,0,0,0,0,0,0,0,0
rivista,0,0,0,0,0,0,0,0
rodari,0,0,0,0,0,0,0,0
romanzo,0,0,0,0,0,0,0,0
testi,0,0,0,0,0,0,0,0
verga,0,0,0,0,0,0,0,0
colto,0,0,0,0,0,0,0,0
marino,0,0,0,0,0,0,0,1
regno,0,0,0,0,0,0,0,0
sano,0,0,0,0,1,0,0,1
acida,0,0,1,0,0,0,0,0
basica,0,0,0,0,0,0,0,0
certezza,0,0,0,0,0,0,0,0
coerente,0,0,0,0,0,0,0,0
avogadro,0,0,0,0,0,0,0,0
dissociazione,0,0,0,0,0,0,0,0
duratura,0,0,0,0,0,0,0,0
fissa,0,0,0,0,0,0,1,0
gravitazionale,0,0,0,0,0,0,0,0
immortale,0,1,0,0,1,1,0,1
invariabile,0,0,0,0,0,0,0,0
perpetuo,0,1,0,0,0,0,0,1
pigreco,0,0,0,0,0,0,0,0
plank,0,0,0,0,0,0,0,0
preghiera,0,0,0,0,1,0,0,0
profitto,0,0,0,0,0,0,0,0
proporzionalità,0,0,0,0,0,0,0,0
punto_fisso,0,0,0,0,0,0,0,0
stabilità,0,0,0,0,0,0,0,0
uniforme,0,0,0,0,0,0,0,0
21.,0,0,0,0,0,0,0,0
46.,0,0,0,0,0,0,0,0
caratteri,0,0,0,0,0,0,0,0
crossing-over,0,0,0,0,0,0,0,0
down,0,0,0,0,0,0,0,0
ereditarietà,0,0,0,0,0,0,0,0
incompreso,0,0,0,0,0,0,0,0
nucleotidi,0,0,0,0,0,0,0,0
patologia,1,0,1,1,0,1,0,0
sessualità,0,0,0,0,0,0,0,0
sindrome,0,0,0,0,0,0,0,0
spiralizzati,0,0,0,0,0,0,0,0
elevato,0,0,0,0,0,0,0,0
generale,0,0,0,0,0,0,0,1
interesse,0,0,0,0,0,0,0,0
istruttiva,0,0,0,0,0,0,0,0
museo,0,0,0,0,0,0,0,0
specifico,0,0,0,0,0,0,0,0
biettive,0,0,0,0,0,0,0,0
biunivoche,0,0,0,0,0,0,0,0
crescenza,0,0,0,0,0,0,0,0
decrescenza,0,0,0,0,0,0,0,0
fratto,0,0,0,0,0,0,0,0
ignoranza,0,0,0,0,0,0,0,0
logaritmiche,0,0,0,0,0,0,0,0
lunghezza,0,0,0,0,0,0,0,0
ruolo,0,0,0,0,0,0,0,0
scopo,0,0,0,0,1,0,0,0
capitalismo,0,0,0,0,0,0,0,0
casualità,0,0,0,0,0,0,0,0
differente,0,0,0,0,0,0,0,0
eliminare,0,0,0,0,0,0,0,0
essenza,0,0,0,0,0,0,0,0
losco,0,0,0,0,0,0,0,0
misterioso,0,1,0,1,0,0,1,0
speciale,0,0,0,0,1,0,0,0
spirito,0,0,0,0,1,0,0,0
trovare,0,0,0,0,0,0,0,0
trovo,0,0,0,0,0,0,0,0
unicità,0,0,0,0,0,0,0,0
cartaceo,0,0,0,0,0,0,0,0
consistenza,0,0,0,0,0,0,0,1
didattico,0,0,0,0,0,0,0,0
gomma,0,0,0,0,0,0,0,0
ruvido,0,0,0,0,0,0,0,0
tessuto,0,0,0,0,0,0,0,0
vago,0,0,0,0,0,0,0,0
deduzione,0,0,0,0,0,0,0,0
costrizione,1,0,1,1,0,1,0,0
fattibile,0,0,0,0,0,0,0,0
filosofa,0,0,0,0,0,0,0,0
formale,0,0,0,0,0,0,0,0
funzione_fratta,0,0,0,0,0,0,0,0
hegel,0,0,0,0,0,0,0,0
io,0,0,0,0,0,0,0,0
monotono,0,0,0,0,0,0,0,0
nullo,0,0,0,0,0,0,0,0
positivismo,0,0,0,0,0,0,0,0
rigoroso,0,0,0,0,0,0,0,0
archeologico,0,0,0,0,0,0,0,0
esploratrice,0,0,0,0,0,0,0,0
oncologo,0,0,0,0,0,0,0,0
sbalordire,0,0,0,0,0,0,0,0
sperimento,0,0,0,0,0,0,0,0
studiosa,0,0,0,0,0,0,0,0
beker,0,0,0,0,0,0,0,0
camice,0,0,0,0,0,0,0,1
hawking,0,0,0,0,0,0,0,0
pazzo,1,0,1,1,0,1,0,0
prove_stato,0,0,0,0,0,0,0,0
accrescimento,0,0,0,0,0,0,0,0
americhe,0,0,0,0,0,0,0,0
archeologica,0,0,0,0,0,0,0,0
assurda,1,0,0,0,0,0,0,0
astronomica,0,0,0,0,0,0,0,0
atomico,0,0,0,0,0,0,0,0
colombo,0,0,0,0,0,0,0,0
egitto,0,0,0,0,0,0,0,0
geografica,0,0,0,0,0,0,0,0
giallo,0,0,0,0,0,0,0,0
innovativa,0,0,0,0,0,0,0,0
piramide,0,0,0,0,0,0,0,0
ritrovamento,0,0,0,0,0,0,0,0
rivoluzionaria,0,0,0,0,0,0,0,0
sepolcro,0,0,0,0,0,0,0,0
tecnologica,0,0,0,0,0,0,0,0
tesoro,0,1,0,0,1,1,0,1
2_anni,0,0,0,0,0,0,0,0
approfondire,0,0,0,0,0,0,0,0
cardiochirurgo,0,0,0,0,0,0,0,0
chirurgia,0,0,0,1,0,1,0,0
affermazione,0,0,0,0,0,0,0,0
caratteristiche,0,0,0,0,0,0,0,0
enunciazione,0,0,0,0,0,0,0,0
mate,0,0,0,0,0,0,0,0
pitagora,0,0,0,0,0,0,0,0
universalità,0,0,0,0,0,0,0,0
weierstrass,0,0,0,0,0,0,0,0
colleghi,0,0,0,0,0,0,0,0
comunale,0,0,0,0,0,0,0,0
collocamento,0,0,0,0,0,0,0,0
giacca,0,0,0,0,0,0,0,0
postale,0,0,0,0,0,0,0,0
biblioteca,0,0,0,0,0,0,0,0
lontano,0,0,0,0,0,0,0,0
acciaio,0,0,0,0,0,0,0,0
allungamento,0,0,0,0,0,0,0,0
caricare,0,0,0,0,0,0,0,0
elastico,0,0,0,0,0,0,0,0
deformata,0,0,0,0,0,0,0,0
delta,0,0,0,0,0,0,0,0
elasticità,0,0,0,0,0,0,0,0
ghirigoro,0,0,0,0,0,0,0,0
gita,0,0,0,0,0,0,0,0
hooke,0,0,0,0,0,0,0,0
mollare,0,0,0,0,0,0,0,0
piccola,0,0,0,0,0,0,0,0
piegare,0,0,0,0,0,0,0,0
pinza,0,0,0,0,0,0,0,0
presa,0,0,0,1,0,0,0,0
pupazzo,0,0,0,0,0,0,0,0
rimbalzare,0,0,0,0,0,0,0,0
rimbalzo,0,0,0,0,0,0,0,1
scala,0,0,0,0,0,0,0,0
scatto,0,0,0,0,0,0,0,0
solenoide,0,0,0,0,0,0,0,0
spirale,0,0,0,0,0,0,0,0
trampolino,0,0,0,0,0,0,0,0
adattamento,0,0,0,0,0,0,0,0
crescere,0,1,0,0,1,0,0,1
dinosauri,0,0,0,1,0,0,0,0
giraffa,0,0,0,0,0,0,0,0
inciampa,0,0,0,0,0,0,0,0
involuzione,1,0,0,0,0,0,0,0
moderna,0,0,0,0,0,0,0,0
ossa,0,0,0,0,0,0,0,0
pokemon,0,0,0,0,0,0,0,0
scimmia,0,0,0,0,0,0,0,0
sopravvivenza,0,0,0,0,0,0,0,0
specie,0,0,0,0,0,0,0,0
mammifero,0,0,0,0,0,0,0,0
albert,0,0,0,0,0,0,0,0
Albert,0,0,0,0,0,0,0,0
diversità,0,0,0,0,0,0,0,1
enstein,0,0,0,0,0,0,0,0
gemelli,0,0,0,0,0,0,0,0
verità,0,0,0,0,0,0,0,1
amigdala,0,0,0,0,0,0,0,0
coma,0,0,0,1,0,1,0,0
corpo_calloso,0,0,0,0,0,0,0,0
cranio,0,0,0,0,0,0,0,0
intrigante,0,0,0,0,0,0,0,0
ipofisi,0,0,0,0,0,0,0,0
ippocampo,0,0,0,0,0,0,0,0
ipotalamo,0,0,0,0,0,0,0,0
lobo,0,0,0,0,0,0,0,0
matteo,0,0,0,0,0,0,0,0
organo,0,1,0,0,1,0,0,0
solco,0,0,0,0,0,1,0,0
sviluppato,0,1,0,0,0,0,0,0
separare,0,0,0,0,0,0,0,0
autorità,0,0,0,0,0,0,0,1
avvocato,1,0,1,1,0,0,0,1
balcone,0,0,0,0,0,0,0,0
costituzione,0,0,0,0,0,0,0,0
decreto,0,0,0,0,0,0,0,0
diritti,0,0,0,0,0,0,0,0
doveri,0,0,0,0,0,0,0,0
giurisprudenza,0,0,0,0,0,1,0,0
giusta,0,0,0,0,0,0,0,0
governo,0,0,0,1,0,0,0,0
ingiustizia,1,0,0,0,0,1,0,0
inconcludente,0,0,0,0,0,0,0,0
italiana,0,0,0,0,0,0,0,0
magistrato,0,0,0,0,0,0,0,0
norma,0,0,0,0,0,0,0,0
normativa,0,0,0,0,0,0,0,0
parlamento,0,0,0,0,0,0,0,1
regolamento,0,0,0,0,0,0,0,0
sbagliata,0,0,0,1,0,0,0,0
scritta,0,0,0,0,0,0,0,0
filosofo,0,0,0,0,0,0,0,1
diligenza,0,0,0,0,0,0,0,1
faticoso,0,0,0,0,0,0,0,0
obbligatorio,0,0,0,0,0,0,0,0
palestra,0,0,0,0,0,0,0,0
sudore,0,0,1,1,0,0,0,0
cure,0,0,0,0,0,0,0,0
psicologo,0,0,0,0,0,0,0,0
banca,0,0,0,0,0,0,0,0
fintech,0,0,0,0,0,0,0,0
guardia,0,0,0,1,0,0,0,1
idioti,0,0,0,0,0,0,0,0
management,0,0,0,0,0,0,0,0
marketing,0,0,0,0,0,0,0,0
multa,0,0,0,0,0,0,0,0
ponzi,0,0,0,0,0,0,0,0
accordo,0,0,0,0,0,0,0,1
antica,0,0,0,0,0,0,0,0
biglietto,0,0,0,0,0,0,0,0
cenere,0,0,0,0,0,0,0,0
ceneri,0,0,0,0,0,0,0,0
ceramica,0,0,0,0,0,0,0,0
estrarre,0,0,0,0,0,0,0,0
fortuna,0,1,0,0,1,0,1,1
lapide,0,0,0,0,0,0,0,0
morto,0,0,0,1,0,1,0,0
nonni,0,0,0,0,0,0,0,1
sorteggio,0,0,0,0,0,0,0,0
terracotta,0,0,0,0,0,0,0,0
tomba,0,0,0,0,0,1,0,0
altare,0,0,0,0,0,0,0,0
7u,0,0,0,0,0,0,0,0
1,0,0,0,0,0,0,0,0
3,0,0,0,0,0,0,0,0
arabo,0,0,0,0,0,0,0,0
civico,0,0,0,0,0,0,0,0
due,0,0,0,0,0,0,0,0
pari,0,0,0,0,0,0,0,0
romano,0,0,0,0,0,0,0,0
tre,0,0,0,0,0,0,0,0
disordine,0,0,1,0,0,0,0,0
predatore,0,0,0,0,0,0,0,0
marchio,0,0,0,0,0,0,0,0
attore,0,0,0,0,0,0,0,0
cibernetica,0,0,0,0,0,0,0,0
destra,0,0,0,0,0,0,0,0
marte,0,0,0,0,0,0,0,0
partire,0,1,0,0,0,1,1,0
porzione,0,0,0,0,0,0,0,0
raggruppamento,0,0,0,0,0,0,0,0
recitazione,0,0,0,0,0,0,0,0
spartire,0,0,0,0,0,0,0,0
teatro,0,0,0,0,1,0,0,0
torna,0,0,0,0,0,0,0,0
zona,0,0,0,0,0,0,0,0
risolutivo,0,0,0,0,0,0,0,0
serie,0,0,0,0,0,0,0,0
scarico,0,0,0,0,0,0,0,0
Italia_1,0,0,0,0,0,0,0,0
liquidi,0,0,0,0,0,0,0,0
sky,0,0,0,0,0,0,0,0
youtube,0,0,0,0,0,0,0,0
automa,0,0,0,0,0,0,0,0
portatile,0,0,0,0,0,0,0,0
esibizione,0,0,0,0,0,0,0,0
conferenza,0,0,0,0,0,0,0,0
contagio,0,1,1,1,0,0,0,0
interrotta,0,0,0,0,0,0,0,0
interstellare,0,0,0,0,0,0,0,0
intrattenimento,0,1,0,0,1,0,1,1
istantanea,0,0,0,0,0,0,0,0
mandare,0,0,0,0,0,0,0,0
radio,0,0,0,0,0,0,0,0
radiofonica,0,0,0,0,0,0,0,0
rai,0,0,0,0,0,0,0,0
sanguigna,0,0,0,0,0,0,0,0
sessuale,0,0,0,0,0,0,0,0
telefilm,0,0,0,0,0,0,0,0
televisiva,0,0,0,0,0,0,0,0
tg,0,0,0,0,0,0,0,0
trasmettere,0,0,0,0,0,0,0,0
calco,0,0,0,0,0,0,0,0
carte,0,0,0,0,0,0,0,0
competizione,0,0,0,0,0,0,0,0
d'azzardo,0,0,0,0,0,0,0,0
fight,0,0,0,0,0,0,0,0
infanzia,0,0,0,0,1,0,0,0
oca,0,0,0,0,0,0,0,0
parco,0,0,0,0,0,0,0,0
relax,0,0,0,0,1,0,0,0
rugby,0,0,0,0,0,0,0,0
scommessa,0,0,0,0,0,0,0,0
slot,0,0,0,0,0,0,0,0
spensierato,0,0,0,0,1,0,0,0
svago,0,0,0,0,0,0,0,0
dire,0,0,0,0,0,0,0,0
immaginare,0,0,0,0,0,0,0,0
riflessione,0,0,0,0,0,0,0,0
riflettere,0,0,0,0,0,0,0,0
giocatore,0,1,0,0,0,0,1,0
preda,0,0,0,0,0,0,0,0
ignoranti,0,0,1,0,0,1,0,0
incontro,1,0,0,0,0,0,0,0
ok,0,0,0,0,0,0,0,0
piccolo_mondo,0,0,0,0,0,0,0,0
fungo,0,0,0,0,0,0,0,0
mescolare,0,0,0,0,0,0,0,0
comunicare,0,0,0,0,0,0,0,1
esistenza,0,0,0,0,0,0,0,0
codominio,0,0,0,0,0,0,0,0
condominio,0,0,0,0,0,0,0,0
differenza,0,0,0,0,0,0,0,0
diritto,0,0,0,0,0,0,0,0
egemonia,0,0,0,0,0,0,0,0
germania,0,0,0,0,0,0,0,0
maggioranza,0,0,0,0,1,0,0,1
possedere,0,1,0,0,1,0,0,1
possedimento,0,0,0,0,0,0,0,0
posta,0,0,0,0,0,0,0,0
prevaricazione,0,0,0,0,0,0,0,0
reali,0,0,0,0,0,0,0,0
regolato,0,0,0,0,0,0,0,1
restrizione,1,0,0,1,0,1,0,0
sottomissione,0,0,0,1,0,0,0,0
sovrano,0,0,0,0,0,0,0,1
spagnolo,0,0,0,0,0,0,0,0
superiorità,0,0,0,0,0,0,0,0
territoriale,0,0,0,0,0,0,0,0
tutto_R,0,0,0,0,0,0,0,0
usa,0,0,0,0,0,0,0,0
weiss,0,0,0,0,0,0,0,0
aggettivo,0,0,0,0,0,0,0,0
api,1,0,0,1,0,0,0,0
caffe_e_latte,0,0,0,0,0,0,0,0
cardinalità,0,0,0,0,0,0,0,0
divergente,0,0,0,0,0,0,0,0
gioia,0,0,0,0,1,0,0,0
moriremo,0,0,0,1,0,1,0,0
ragazzi,0,0,1,0,1,0,0,0
solitudine,0,0,0,1,0,1,0,0
tutti,0,0,0,0,0,0,0,0
uccello,0,0,0,0,0,0,0,0
venn,0,0,0,0,0,0,0,0
stormi,0,0,0,0,0,0,0,0
abiti,0,0,0,0,0,0,0,0
automatica,0,0,0,0,0,0,0,1
disponibilità,0,0,0,0,0,0,0,0
emanare,0,0,0,0,0,0,0,0
posizionamento,0,0,0,0,0,0,0,0
random,0,0,0,0,0,0,0,0
sequenziamento,0,0,0,0,0,0,0,0
stesura,0,0,0,0,0,0,0,0
transitoria,0,1,0,0,0,0,0,0
brutta,0,0,0,0,0,0,0,0
empirismo,0,0,0,0,0,0,0,0
feelings,0,0,0,0,0,0,0,0
impressione,0,0,0,0,0,0,0,0
percezione,0,0,0,0,0,0,0,0
presentimento,0,0,0,0,0,0,0,0
provata,0,0,0,0,0,0,0,0
sensi,0,0,0,0,0,0,0,0
senso,0,0,0,0,0,0,0,0
sesto_senso,0,0,0,0,0,0,0,0
solletico,0,1,0,0,1,0,1,1
tattile,0,0,0,0,0,0,0,0
tatto,0,0,0,0,0,0,0,0
tristezza,0,0,0,1,0,1,0,1
conteggio,0,0,0,0,0,0,0,0
elaborazione,0,0,0,0,0,0,0,0
inserimento,0,0,0,0,0,0,0,0
comunismo,1,0,0,1,0,1,0,0
digital,0,0,0,0,0,0,0,0
distribuire,0,0,0,0,0,0,0,0
elementare,0,0,0,0,0,0,0,0
quoziente,0,0,0,0,0,0,0,0
resto,0,0,0,0,0,0,0,0
ripartizione,0,0,0,0,0,0,0,0
separazione,0,0,0,1,0,1,0,0
astrazione,0,0,0,0,0,0,0,0
magazzino,0,0,0,0,0,0,0,0
razionalità,0,0,0,0,0,0,0,0
sistemazione,0,0,0,0,0,0,0,0
assente,0,0,0,0,0,1,0,0
assenza,0,0,0,1,0,1,0,0
atmosferica,0,0,0,0,0,0,0,0
grave,1,0,0,1,0,1,0,0
lancio,0,1,0,0,0,0,0,0
permanente,0,0,0,0,0,0,0,0
spazio-tempo,0,0,0,0,1,0,0,0
ticket,0,0,0,0,0,0,0,0
antecedente,0,0,0,0,0,0,0,0
anteriormente,0,0,0,0,0,0,0,0
apertura,0,0,0,0,0,0,0,0
a_posteriori,0,0,0,0,0,0,0,0
a_prescindere,0,0,0,0,0,0,0,0
ascolto,0,0,0,0,0,0,0,0
assiduamente,0,0,0,0,0,0,0,0
conosciuta,0,0,0,0,0,0,0,0
deduttivo,0,0,0,0,0,0,0,0
getto,0,0,0,0,0,0,0,0
ideologie,0,0,0,0,0,0,0,0
indipendentemente,0,0,0,0,0,0,0,0
induttivo,0,0,0,0,0,0,0,0
motivazione,0,0,0,0,0,0,0,0
ovvia,0,0,0,0,0,0,0,1
poi,0,0,0,0,0,0,0,0
preconcetto,0,0,0,0,0,0,0,0
principio,0,0,0,0,0,0,0,0
rimandare,0,0,0,0,0,0,0,0
rivalsa,0,0,0,0,0,0,0,0
cassaforte,0,0,0,0,0,0,0,0
combo,0,0,0,0,0,0,0,0
fusione,0,0,0,1,0,1,0,0
incastro,0,0,0,0,0,0,0,0
incontrare,0,0,0,0,0,0,0,0
lotto,0,0,0,0,0,0,0,0
mix,0,0,0,0,0,0,0,0
numerica,0,0,0,0,0,0,0,0
rebus,0,0,0,0,0,0,0,0
sequenza,0,0,0,0,0,0,0,0
spettacolo,0,0,0,0,0,0,0,0
tessere,0,0,0,0,0,0,0,0
tetris,0,0,0,0,0,0,0,0
vincente,0,1,1,0,1,1,1,1
accusa,0,0,0,0,0,0,0,0
dissidio,0,0,0,0,0,0,0,0
miscela,0,0,0,0,0,0,0,0
nodo,0,0,0,0,0,0,0,0
decisivo,0,0,0,0,0,0,0,0
definitivo,0,0,0,0,0,0,0,1
essenziale,0,0,0,0,0,0,0,0
goal,0,0,0,0,0,0,0,0
grintoso,0,0,0,0,0,0,0,0
rilevante,0,0,0,0,0,0,0,0
convincere,0,1,0,0,0,0,0,1
convinto,0,0,0,0,0,0,0,1
determinato,0,0,0,0,0,0,0,0
determinazione,0,0,0,0,0,0,0,1
manzoni,0,0,0,0,0,0,0,0
meccanicismo,0,0,0,0,0,0,0,0
meccanicistico,0,0,0,0,0,0,0,0
ostinazione,0,0,0,0,0,0,0,0
tenacia,0,0,0,0,0,0,0,0
accesa,0,0,0,0,0,0,0,0
animata,0,0,0,0,1,0,0,0
aperta,0,0,0,0,0,0,0,0
argomentazione,1,0,0,0,0,0,0,0
arrabbiarsi,0,0,0,0,0,0,0,0
arrabbiatura,0,0,0,0,0,0,0,0
arricchimento,0,0,0,0,0,0,0,0
arroganza,0,0,0,0,0,0,0,0
chiusa,0,0,0,0,0,0,0,0
colloquio,0,0,0,0,0,0,0,0
conversazione,0,0,0,0,0,0,0,0
delucidazione,0,0,0,0,0,0,0,0
dialogo,0,0,0,0,0,0,0,0
diverbio,0,0,0,0,0,0,0,0
fidanzata,0,0,0,0,1,0,0,0
interagire,0,0,0,0,0,0,0,0
interlocutore,0,0,0,0,0,0,0,0
lite,0,0,0,0,0,0,0,0
litigare,1,1,1,1,0,1,0,0
lunga,0,1,0,0,0,0,0,0
malcontento,1,0,1,1,0,1,0,0
oggettiva,0,0,0,0,0,0,0,0
orgoglio,0,0,0,0,1,0,0,0
polemica,1,0,1,0,0,0,0,0
prevaricare,0,0,0,0,0,0,0,0
rabbia,1,0,0,0,0,0,0,0
rancore,1,0,1,0,0,1,0,0
replicare,0,0,0,0,0,0,0,0
rissa,1,0,1,1,0,0,0,0
tranquilla,0,0,0,0,1,0,0,0
tremenda,0,0,0,0,0,0,0,0
urla,0,0,0,0,0,0,0,0
violenta,1,0,1,1,0,0,1,0
comportamentale,0,0,0,0,0,0,0,0
disattenzione,1,0,0,0,0,0,0,0
distrarre,0,0,0,0,0,0,0,0
fastidio,1,0,1,0,0,0,0,0
follia,1,0,1,1,0,1,0,0
intestinale,0,0,1,0,0,0,0,0
malato,0,0,0,0,0,0,0,0
maleducazione,0,0,0,0,0,0,0,0
ossessivo-compulsivo,0,0,0,0,0,0,0,0
rombo,0,0,0,0,0,0,0,0
tu,0,0,0,0,0,0,0,0
vociare,0,0,0,0,0,0,0,0
approccio,0,0,0,0,0,0,0,0
dominante,0,0,0,1,0,0,0,0
fattoria,0,0,0,0,0,0,0,0
fattorizzare,0,0,0,0,0,0,0,0
incremento,0,0,0,0,0,0,0,0
influente,0,0,0,0,0,0,0,1
influenzare,0,0,0,0,0,0,0,0
multiplo,0,0,0,0,0,0,0,0
numerabile,0,0,0,0,0,0,0,0
recessivo,0,0,0,0,0,0,0,0
superfluo,0,0,0,0,0,0,0,0
centrocampo,0,0,0,0,0,0,0,0
piana,0,1,0,0,0,0,0,0
artistico,0,0,0,0,0,0,0,0
decimale,0,0,0,0,0,0,0,0
ripugnante,1,0,1,1,0,0,0,0
versi,0,0,0,0,0,0,0,0
bilancia,0,0,0,0,0,0,0,0
centimetri,0,0,0,0,0,0,0,0
crackers,0,0,0,0,0,0,0,0
litri,0,0,0,0,0,0,0,0
m,0,0,0,0,0,0,0,0
metri,0,0,0,0,0,0,0,0
ohm,0,0,0,0,0,0,0,0
sarto,0,0,0,0,0,0,0,0
corollario,0,0,0,0,0,0,0,0
enunciato,0,0,0,0,0,0,0,0
imposizione,0,0,0,0,0,0,0,0
ps,0,0,0,0,0,0,0,0
appendici,0,0,0,0,0,0,0,0
d'origine,0,0,0,0,0,0,0,0
fiat,0,0,0,0,0,0,0,0
grammatica,0,0,0,0,0,0,0,0
incrocio,0,0,0,0,0,0,0,0
lessico,0,0,0,0,0,0,0,0
ortografia,0,0,0,0,0,0,0,0
pallino,0,0,0,0,0,0,0,0
punteggiatura,0,0,0,0,0,0,0,0
riga,1,0,0,0,0,0,0,0
rigo,0,0,0,0,0,0,0,0
scontro,0,0,0,0,0,0,0,0
telefonia,0,0,0,0,0,0,0,0
unidimensionale,0,0,0,0,0,0,0,0
cubica,0,0,0,0,0,0,0,0
dente,0,0,0,0,0,0,0,0
ennesima,0,0,0,0,0,0,0,0
fertile,0,0,0,0,0,0,0,0
fittone,0,0,0,0,0,0,0,0
fondamenta,0,0,0,0,0,0,0,0
humus,0,0,0,0,0,0,0,0
ideali,0,0,0,0,0,0,0,0
nutrimento,0,0,0,0,0,0,0,0
origini,0,0,0,0,0,0,0,0
quadrata,0,0,0,0,0,0,0,0
radicato,0,0,0,0,0,0,0,0
terreno,0,0,0,0,0,0,0,0
tradizione,0,0,0,0,0,0,0,0
tubero,0,0,0,0,0,0,0,0
verdura,0,0,0,0,0,0,0,0
bici,0,0,0,0,0,0,0,0
bicicletta,0,0,0,0,0,0,0,0
cavallo,0,0,0,0,0,0,0,1
colorata,0,0,0,0,0,0,0,0
corsie,0,0,0,0,0,0,0,0
destriero,0,0,0,0,0,0,0,0
domatore,0,0,0,0,0,0,0,0
dominare,1,0,0,1,0,0,0,0
equitazione,0,0,0,0,0,0,0,0
fantino,0,0,0,0,0,0,0,0
ippica,0,0,0,0,0,0,0,0
ippodromo,0,0,0,0,0,0,0,0
luminoso,0,0,0,0,0,0,0,0
motorino,0,0,0,0,0,0,0,0
stazionario,0,0,0,0,0,0,0,0
purosangue,0,0,0,0,0,0,0,0
sedere,0,0,0,0,0,0,0,0
sellino,0,0,0,0,0,0,0,0
sgabello,0,0,0,0,0,0,0,0
sorella,0,0,0,0,0,0,0,0
stalla,0,0,1,0,0,0,0,0
trotto,0,0,0,0,0,0,0,0
cateto,0,0,0,0,0,0,0,0
circonferenza,0,0,0,0,0,0,0,0
seno,0,0,0,0,0,0,0,0
centinaia,0,0,0,0,0,0,0,0
coesione,0,0,0,0,0,0,0,1
decina,0,0,0,0,0,0,0,0
divulgazione,0,0,0,0,0,0,0,0
individualità,0,0,0,0,0,0,0,0
migliaia,0,0,0,0,0,0,0,0
quadretto,0,0,0,0,0,0,0,0
singolare,0,0,0,0,0,0,0,0
singolarità,0,0,0,0,0,0,0,0
vicinanza,0,0,0,0,1,0,0,1
astronauta,0,0,0,0,0,0,0,0
immerso,0,1,0,1,1,0,1,1
infinità,0,0,0,0,0,0,0,0
multiverso,0,0,0,0,0,0,0,0
nebulosa,0,0,0,0,0,0,0,0
profondo,0,0,0,0,0,0,0,1
rotondo,0,0,0,0,0,0,0,0
sistema_solare,0,0,0,0,0,0,0,0
vastità,0,0,0,0,0,0,0,0
via_lattea,0,0,0,0,0,0,0,0
astratta,0,0,0,0,0,0,0,0
concreta,0,0,0,0,0,0,0,0
dinamica,0,0,0,0,0,0,1,0
form,0,0,0,0,0,0,0,0
ginnastica,0,0,0,0,0,0,0,0
misteriosa,0,1,0,1,0,0,1,0
mitologica,0,0,0,0,0,0,0,0
nascosta,0,0,0,1,0,1,0,0
offuscata,0,0,0,0,0,1,0,0
retorica,0,0,0,0,0,0,0,0
bo,0,0,0,0,0,0,0,0
differenziamento,0,0,0,0,0,0,0,0
variazione,0,0,0,0,0,0,0,0
abolire,1,0,0,0,0,0,0,0
aprire,0,0,0,0,0,0,0,0
basket,0,0,0,0,0,0,0,0
burraco,0,0,0,0,0,0,0,0
busta,0,0,0,0,0,0,0,0
buttare,0,0,0,0,0,0,0,0
caramella,0,0,0,0,0,0,0,0
dono,0,0,0,0,0,0,0,0
evitare,1,0,1,1,0,1,0,0
gettare,0,0,0,0,0,0,0,0
ignorare,0,0,0,0,0,0,0,0
impacchettare,0,0,0,0,0,0,0,0
inadatto,0,0,0,0,0,0,0,0
inutilità,0,0,0,0,0,0,0,0
lasciar_stare,0,0,0,0,0,0,0,0
levare,0,0,0,0,0,0,0,0
opzioni,0,0,0,0,0,0,0,0
pacchetto,0,0,0,0,0,0,0,0
poker,0,0,0,0,0,0,0,0
provino,0,0,0,0,0,0,0,0
rifiutare,1,0,0,1,0,1,0,0
togliere,0,0,0,0,0,0,0,0
giornate,0,0,0,0,0,0,0,0
nuvoloso,0,0,0,0,0,1,0,0
scooter,0,0,0,0,0,0,0,0
temporale,0,0,0,0,0,0,0,0
uscite,0,0,0,0,0,0,0,0
agitazione,1,0,0,0,0,0,0,0
anomalo,0,0,0,0,0,0,0,0
macchia,1,0,1,1,0,1,0,0
maltempo,0,0,0,0,0,0,0,0
malumore,0,0,0,0,0,0,0,0
meteorologia,0,0,0,0,0,0,0,0
nubi,0,0,0,0,0,0,0,0
nuvola,0,0,0,0,0,0,0,0
oceanica,0,0,0,0,0,0,0,0
turbolenza,1,0,0,1,0,0,0,0
venti,0,0,0,0,0,0,0,0
bilancio,0,0,0,0,0,0,0,1
brasile,0,0,0,0,0,0,0,0
delitto,0,0,0,0,0,0,0,0
divulgatore,0,0,0,0,0,0,0,0
giornaliera,0,0,0,0,0,0,0,0
giornalismo,0,0,0,0,0,0,0,1
giornalista,0,0,0,0,0,0,0,0
giornalistica,0,0,0,0,0,0,0,0
gossip,0,0,0,0,0,0,0,0
intervisione,0,0,0,0,0,0,0,0
microfono,0,0,0,0,0,0,0,0
psicoattitudini,0,0,0,0,0,0,0,0
scandalo,0,0,0,1,0,0,0,0
testata,0,0,0,0,0,0,0,0
videocamera,0,0,0,0,0,0,0,0
vip,0,0,0,0,0,0,0,0
castagne,0,0,0,0,0,0,0,0
fattor_comune,0,0,0,0,0,0,0,0
figurine,0,0,0,0,0,0,0,0
fondi,0,0,0,0,0,0,0,0
imbustare,0,0,0,0,0,0,0,0
riciclo,0,0,0,0,0,0,0,0
ritrovo,0,0,0,0,0,0,0,0
tappi,0,0,0,0,0,0,0,0
aroma,0,0,0,0,0,0,0,0
volatili,0,0,0,0,0,0,0,0
divano,0,0,0,0,0,0,0,0
intimità,0,0,0,0,0,0,0,0
letto,0,0,0,0,0,0,0,0
nido,0,0,0,0,0,0,0,1
arbusto,0,0,0,0,0,0,0,0
bacca,0,0,0,0,0,0,0,0
basso,0,0,0,0,0,0,0,0
figlio,0,0,0,0,0,0,0,0
fruscio,0,0,0,0,0,0,0,0
lamponi,0,0,0,0,0,0,0,0
ombra,0,0,0,0,0,0,0,0
rovi,0,0,0,0,0,0,0,0
siepe,0,0,0,0,0,0,0,0
sottobosco,0,0,0,0,0,0,0,0
verdi,0,0,0,0,1,0,0,1
ambientalisti,0,0,0,0,0,0,0,0
continuazione,0,1,0,0,0,0,0,0
ecosostenibilità,0,0,0,0,0,0,0,0
prevenzione,0,1,0,0,0,0,0,0
pulizia,0,0,0,0,0,0,0,0
raccolta_differenziata,0,0,0,0,0,0,0,0
salvaguardia,0,0,0,0,0,0,0,0
margherita,0,0,0,0,0,0,0,0
odore,1,0,1,0,0,0,0,0
papavero,0,0,0,0,0,0,0,0
petalo,0,0,0,0,0,0,0,0
polline,0,0,0,0,0,0,0,0
prato,0,0,0,0,0,0,0,0
primavera,0,0,0,0,0,0,0,0
profumo,0,0,0,0,0,0,0,0
rosa,0,0,0,0,0,0,0,0
sbocciato,0,0,0,0,0,0,0,0
tulipano,0,0,0,0,0,0,0,0
viola,0,0,0,0,0,0,0,0
autunno,0,0,0,0,1,1,0,0
bagno,0,0,0,0,0,0,0,0
bruco,0,0,0,0,0,0,0,0
morta,0,0,0,1,0,1,0,0
ninfa,0,0,0,0,0,0,0,0
pirlo,0,0,0,0,0,0,0,0
secca,0,0,0,0,0,0,0,0
seta,0,0,0,0,0,0,0,0
termite,0,0,1,0,0,0,0,0
isola,0,0,0,0,0,0,0,0
ostentare,0,0,0,0,0,0,0,0
erbivoro,0,0,0,0,0,0,0,0
seme,0,0,0,0,0,0,0,0
stray_cat,0,0,0,0,0,0,0,0
alta,0,0,0,0,0,0,0,0
camminare,0,0,0,0,0,0,0,0
collina,0,0,0,0,0,0,0,0
fresco,0,0,0,0,0,0,0,0
fumare,0,0,0,0,0,0,0,0
maria,0,0,0,0,0,0,0,0
marijuana,0,0,0,0,0,0,0,0
rugiada,0,0,0,0,0,0,0,0
spensieratezza,0,0,0,0,0,0,0,0
tagliare,0,0,0,0,0,0,0,0
allontanare,0,0,0,0,0,0,0,0
attaccamento,0,0,0,0,0,0,0,0
attaccare,1,0,1,1,0,1,1,0
disgustoso,1,0,1,1,0,0,0,0
edera,0,0,0,0,0,0,0,0
fastidioso,1,0,0,1,0,1,0,0
infettare,0,0,1,0,0,0,0,0
ingombrante,0,0,0,0,0,1,0,0
nuocere,0,0,0,0,0,0,0,0
opportunista,0,0,0,0,0,0,0,0
simbionte,0,0,0,0,0,0,0,0
subordinazione,0,0,0,0,0,0,0,0
verme,0,1,1,0,0,0,1,0
cosmico,0,0,0,0,0,0,0,0
geografico,0,0,0,0,0,0,0,0
navicella,0,0,0,0,0,0,0,0
aerea,0,0,0,0,0,0,0,0
distinzione,0,0,0,0,0,0,0,0
dritta,0,0,0,0,0,0,0,0
gialla,0,0,0,0,0,0,0,0
infinita,1,1,0,1,1,1,0,1
orizzonte,0,1,0,0,0,0,0,0
altezze,0,0,0,0,0,0,0,0
celsius,0,0,0,0,0,0,0,0
centigradi,0,0,0,0,0,0,0,0
colpa,1,0,1,0,0,1,0,0
comandante,0,0,0,0,0,0,0,1
corporea,0,0,0,0,0,0,0,0
lealtà,0,0,0,0,0,0,0,1
superstizione,0,0,0,1,0,0,0,0
gerarchia,0,0,0,0,0,0,0,0
inferiore,0,0,0,0,0,1,0,0
kelvin,0,0,0,0,0,0,0,0
maresciallo,0,0,0,0,0,0,0,1
parentela,0,0,0,0,0,0,0,0
radiante,0,0,0,0,1,0,0,0
sessagesimale,0,0,0,0,0,0,0,0
superiore,0,1,0,0,0,0,0,1
tenente,0,0,0,0,0,0,0,1
termometro,0,0,0,0,0,0,0,1
band,0,0,0,0,0,0,0,0
stadio,0,0,0,0,0,0,0,0
estremo,0,0,0,0,0,0,0,0
minimale,0,0,0,0,0,0,0,0
ozio,0,0,0,0,0,0,0,0
pigrizia,0,0,1,0,0,0,0,0
rilevabile,0,0,0,0,0,0,0,0
chiamata,0,0,0,0,0,0,0,0
affare,0,1,0,0,1,0,1,1
bassa,0,0,0,0,0,0,0,0
bontà,0,1,0,0,1,0,1,1
costosa,0,0,0,0,0,0,0,0
eccezionali,0,0,0,0,1,0,0,0
etica,0,0,0,0,0,0,0,0
garanzia,0,0,0,0,0,0,0,1
gentilezza,0,0,0,0,1,0,0,0
innata,0,0,0,0,0,0,0,0
potenzialità,0,0,0,0,0,0,0,0
pregio,0,0,0,0,0,0,0,0
prezzo,0,0,0,0,0,0,0,0
vino,0,0,0,0,0,0,0,0
prospettiva,0,1,0,0,0,0,0,0
bere,0,0,0,0,0,0,0,0
ciak,0,0,0,0,0,0,0,0
conseguenze,0,0,0,0,0,0,0,0
correre,0,0,0,0,0,0,0,0
corrispondenza,0,1,0,0,0,0,0,0
fucile,1,0,0,1,0,0,0,0
genere,0,0,0,0,0,0,0,0
mangiare,0,0,0,0,0,0,0,0
operaio,0,0,0,0,0,0,0,1
prontezza,0,1,0,0,1,0,0,1
tom_cruise,0,0,0,0,0,0,0,0
connettività,0,0,0,0,0,0,0,0
download,0,0,0,0,0,0,0,0
host,0,0,0,0,0,0,0,0
idrologica,0,0,0,0,0,0,0,0
interconnessione,0,0,0,0,0,0,0,0
maglie,0,0,0,0,0,0,0,0
navigare,0,0,0,0,0,0,0,0
network,0,0,0,0,0,0,0,0
p2p,0,0,0,0,0,0,0,0
pesca,0,0,0,0,0,0,0,0
pescatore,0,0,0,0,0,0,0,0
telefonica,0,0,0,0,0,0,0,0
trappola,1,0,1,1,0,1,1,0
vpn,0,0,0,0,0,0,0,0
web,0,0,0,0,0,0,0,0
wireless,0,0,0,0,0,0,0,0
alternata,0,0,0,0,0,0,0,0
armamenti,1,0,0,1,0,0,0,0
attività_fisica,0,0,0,0,0,0,0,0
automobilistica,0,0,0,0,0,0,0,0
campestre,0,0,0,0,0,0,0,0
coni,0,0,0,0,0,0,0,0
cooper,0,0,0,0,0,0,0,0
coppa,0,0,1,0,0,0,0,0
corsica,0,0,0,0,0,0,0,0
folle,0,0,0,1,0,0,0,0
maratona,0,0,0,0,0,0,0,0
medaglia,0,1,0,0,1,0,1,1
opel,0,0,0,0,0,0,0,0
palio,0,0,0,0,0,0,0,0
partenza,0,0,0,0,0,1,0,0
piede,0,0,0,0,0,0,0,1
sasso,0,0,0,0,0,0,0,0
vincitore,0,1,0,0,1,0,1,0
evidente,0,0,0,0,0,0,0,1
finzione,0,0,0,0,0,0,0,0
inaccettabile,0,0,0,0,0,1,0,0
metafisica,0,0,0,0,0,0,0,0
quotidianità,0,0,0,0,0,0,0,0
realismo,0,0,0,0,0,0,0,0
tangibile,0,0,0,0,0,0,0,0
audace,0,0,0,0,0,0,0,0
avara,1,0,1,1,0,1,0,0
bambino,0,1,0,0,1,0,0,0
benestante,0,0,0,0,0,0,0,0
buona,0,0,0,0,0,0,0,0
colta,0,0,0,0,0,0,0,0
convinzione,0,0,0,0,0,0,0,0
corretta,0,0,0,0,0,0,0,0
educata,0,0,0,0,0,0,0,0
fisicità,0,0,0,0,0,0,0,0
gentile,0,0,0,0,1,0,0,0
onesta,1,0,1,1,1,1,0,1
simpatica,0,0,0,0,0,0,0,0
comico,0,0,0,0,0,0,0,0
fumetto,0,0,0,0,0,0,0,0
inventato,0,0,0,0,0,0,0,0
virtuale,0,0,0,0,0,0,0,0
bullismo,0,0,0,0,0,0,0,0
debolezza,0,0,0,0,0,1,0,1
delicatezza,0,0,0,0,0,0,0,0
delicato,0,0,0,0,0,0,0,0
insulti,1,0,1,0,0,1,1,0
leggero,0,0,0,0,0,0,0,0
prezioso,0,1,0,0,1,0,1,0
sensibilità,0,0,0,0,0,0,0,0
spavento,1,1,0,1,0,0,1,0
trauma,0,0,0,1,0,0,0,0
antichità,0,0,0,0,0,0,0,0
moderno,0,0,0,0,0,0,0,0
rana,0,0,0,0,0,0,0,0
tipicità,0,0,0,0,0,0,0,0
camera,0,0,0,0,0,0,0,0
casino,0,0,0,0,0,0,0,0
dionisiaco,0,0,0,0,0,0,0,0
discoteche,0,0,0,0,0,0,0,0
entropia,0,0,0,0,0,0,0,0
folla,0,0,0,0,0,0,0,0
grecia,0,0,0,0,0,0,0,0
joker,0,0,0,0,0,0,0,0
macello,0,0,0,0,0,0,0,0
informe,0,0,0,0,0,0,0,0
perfetto,0,1,0,0,1,0,0,1
pirandello,0,0,0,0,0,0,0,0
tornado,0,0,0,1,0,0,0,0
totale,0,0,0,0,0,0,0,0
vortice,0,0,0,1,0,0,0,0
avidità,1,0,1,0,0,0,0,0
capitalista,0,0,0,0,0,0,0,0
onore,0,0,0,0,0,0,0,1
praga,0,0,0,0,0,0,0,0
baricentro,0,0,0,0,0,0,0,0
diurno,0,0,0,0,0,0,0,0
ortocentro,0,0,0,0,0,0,0,0
partito,0,1,0,0,0,1,1,0
raggio,0,0,0,0,0,0,0,0
urbano,0,0,0,0,0,0,0,0
grattacieli,0,0,0,0,0,0,0,0
megalopoli,0,0,0,0,0,0,0,0
milioni,0,0,0,0,0,0,0,0
allargamento,0,0,0,0,0,0,0,0
allargarsi,0,0,0,0,0,0,0,0
ingrandirsi,0,0,0,0,0,0,0,0
palla,0,0,0,0,0,0,0,0
videogioco,0,0,0,0,0,0,0,0
caotica,1,0,0,0,0,0,0,0
citta,0,0,0,0,0,0,0,0
controllori,0,0,0,0,0,0,0,1
presto,0,0,0,0,1,0,1,0
sonno,0,0,0,0,0,0,0,0
sottosuolo,0,0,0,0,0,0,0,0
tunnel,0,0,0,0,0,0,0,0
aristocratica,0,0,0,0,0,0,0,0
arretramento,0,0,0,0,0,0,0,0
borghese,0,0,0,0,0,0,0,0
comunicazioni,0,0,0,0,0,0,0,1
consumismo,0,0,0,0,0,0,0,0
convivenza,0,0,0,0,0,0,0,0
corrotta,0,0,0,0,0,0,0,0
mentalità,0,0,0,0,0,0,0,0
odierna,0,0,0,0,0,0,0,0
patria,0,0,0,0,0,0,0,0
sviluppata,0,1,0,0,0,0,0,0
urbana,0,0,0,0,0,0,0,0
diodo,0,0,0,0,0,0,0,0
azoto,0,0,0,0,0,0,0,0
corruzione,0,0,1,0,0,0,0,0
dollari,0,0,0,0,0,0,0,0
euro,0,0,0,0,0,0,0,0
lusso,0,0,0,0,1,0,0,1
ricchezza,0,0,0,0,1,0,0,1
sfarzo,0,0,0,0,0,0,0,0
mania,0,0,0,0,0,0,0,0
maniaco,1,0,0,1,0,0,0,0
oppressione,1,0,1,1,0,1,0,0
padronanza,1,0,0,0,1,0,0,1
paure,1,1,0,1,0,0,1,0
ritrovare,0,0,0,0,0,0,0,0
rivedere,0,0,0,0,0,0,0,0
telecomando,0,0,0,0,0,0,0,0
bilico,0,0,0,0,0,0,0,0
eguale,0,0,0,0,0,0,0,0
rasoio,0,0,0,1,0,0,0,0
termico,0,0,0,0,0,0,0,0
bellica,0,0,0,0,0,0,0,0
biomeccanica,0,0,0,0,0,0,0,0
elettrodomestici,0,0,0,0,0,0,0,0
informatizzazione,0,0,0,0,0,0,0,0
ipad,0,0,0,0,0,0,0,0
iphone,0,0,0,0,0,0,0,0
nexus,0,0,0,0,0,0,0,0
mouse,0,0,0,0,0,0,0,0
nano,0,0,0,0,0,0,0,0
protesi,0,0,0,0,0,0,0,0
ram,0,0,0,0,0,0,0,0
robotica,0,0,0,0,0,0,0,0
s7,0,0,0,0,0,0,0,0
tablet,0,0,0,0,0,0,0,0
tastiera,0,0,0,0,0,0,0,0
telecomunicazione,0,0,0,0,0,0,0,0
wifi,0,0,0,0,0,0,0,0
accelerato,0,1,0,0,0,0,0,0
armonico,0,0,0,0,0,0,0,0
brivido,1,1,0,1,1,1,1,0
campionato,0,0,0,0,0,0,0,0
casco,0,0,0,1,0,0,0,0
cross,0,0,0,0,0,0,0,0
dinamismo,0,0,0,0,0,0,0,0
ducati,0,0,0,0,0,0,0,0
gp,0,0,0,0,0,0,0,0
incidenze,0,0,0,0,0,0,0,0
inquietante,0,0,0,0,0,0,0,0
rettilineo,0,0,0,0,0,0,0,0
rossi,0,0,0,0,0,0,0,0
valentino_rossi,0,0,0,0,0,0,0,0
yamaha,0,0,0,0,0,0,0,0
5_stelle,0,0,0,0,0,0,0,0
acido_lattico,0,0,0,0,0,0,0,0
aria_aperta,0,0,0,0,0,0,0,0
nazionale,0,0,0,0,0,0,0,0
nuotare,0,1,0,1,1,0,0,0
partitico,0,0,0,0,0,0,0,0
star_bene,0,0,0,0,0,0,0,0
tremolio,0,0,0,0,0,0,0,0
schiuma,0,0,0,0,0,0,0,0
sonora,0,0,0,0,1,0,0,0
assordante,0,0,0,0,0,0,0,0
clacson,0,0,0,0,0,0,0,0
cuffie,0,0,0,0,0,0,0,0
fermarsi,0,0,0,0,0,0,0,0
rap,0,0,0,0,0,0,0,0
testa,0,0,0,0,0,0,0,0
urlo,1,0,0,1,0,1,1,0
bellissima,0,1,0,0,1,1,1,1
incompresa,0,0,0,0,0,0,0,0
inesistente,0,0,0,0,0,0,0,0
loquace,0,0,0,0,0,0,0,0
mistica,0,0,0,0,0,0,1,0
possibile,0,0,0,0,0,0,0,0
buco,0,0,0,0,0,0,0,0
codardo,0,0,1,1,0,1,0,0
fuggire,0,0,0,1,0,1,0,0
fune,0,0,0,0,0,0,0,0
istante,0,0,0,0,0,0,0,0
rimuginare,0,0,0,0,0,0,0,0
rincorrere,0,0,0,0,0,0,0,0
scappare,0,0,0,0,0,0,0,0
scomparire,0,0,0,1,0,0,0,0
tnt,0,0,0,0,0,0,0,0
uscire,0,0,0,0,0,0,0,0
diavolo,1,1,1,1,0,1,0,0
diffusione,0,0,0,0,0,0,0,0
epidemia,0,0,0,0,0,0,0,0
fata,0,0,0,0,0,0,0,0
germi,0,0,0,0,0,0,0,0
panda,0,0,0,0,0,0,0,0
pandemonio,0,0,0,0,0,0,0,0
paradiso,0,0,0,0,0,0,0,0
animo,1,0,0,0,0,0,0,0
chiesa,0,1,0,0,1,0,0,1
democratica,0,0,0,0,0,0,0,0
elettrostatico,0,0,0,0,0,0,0,0
emotivo,0,0,0,0,0,1,0,0
federazione,0,0,0,0,0,0,0,0
nubile,0,0,0,0,0,0,0,0
profilo,0,0,0,0,0,0,0,0
prussiano,0,0,0,0,0,0,0,0
repubblica,0,0,0,0,0,0,0,0
umore,0,0,0,0,0,0,0,0
ballerino,0,0,0,0,0,0,0,0
copernico,0,0,0,0,0,0,0,0
database,0,0,0,0,0,0,0,0
fotografia,0,0,0,0,0,0,0,0
inspirazione,0,0,0,0,0,0,0,0
pagina,0,0,0,0,0,0,0,0
sfilata,0,0,0,0,0,0,0,0
stereotipo,0,0,0,0,0,0,0,0
tolomeo,0,0,0,0,0,0,0,0
captare,0,0,0,0,0,0,0,0
congruo,0,0,0,0,0,0,0,0
scarsa,0,0,0,1,0,1,0,0
ambulanza,0,0,0,1,0,0,0,1
catastrofe,1,0,1,1,0,1,1,0
codice_rosso,0,0,0,0,0,0,0,0
immediatezza,0,0,0,0,0,0,1,0
imminente,0,1,0,1,0,0,0,0
incendio,0,0,0,0,0,0,0,0
preoccupazione,0,1,0,1,0,1,0,0
priorità,0,0,0,0,0,0,0,0
urgenza,0,1,0,1,0,0,1,0
chat,0,0,0,0,0,0,0,0
display,0,0,0,0,0,0,0,0
email,0,0,0,0,0,0,0,0
facebook,0,0,0,0,0,0,0,0
hermes,0,0,0,0,0,0,0,0
in_chiaro,0,0,0,0,0,0,0,0
inviare,0,0,0,0,0,0,0,0
missiva,0,0,0,0,0,0,0,0
passaparola,0,0,0,0,0,0,0,0
seccatura,0,0,0,0,0,0,0,0
sms,0,0,0,0,0,0,0,0
subliminale,0,0,0,0,0,0,0,0
vocale,0,0,0,0,0,0,0,0
whatsapp,0,0,0,0,0,0,0,0
bianca,0,0,0,0,0,0,0,0
candida,0,0,0,0,0,0,0,0
carota,0,0,0,0,0,0,0,0
catene,0,0,0,0,0,0,0,0
coperta,0,0,0,0,0,0,0,0
frattale,0,0,0,0,0,0,0,0
gelo,0,0,0,0,0,0,0,0
inverno,0,0,0,0,0,0,0,0
sci,0,0,0,0,0,0,0,0
soffice,0,0,0,0,0,0,0,0
umida,0,0,1,0,0,0,0,0
accompagnare,0,0,0,0,0,0,0,0
assecondare,0,0,0,0,0,0,0,0
attenersi,0,0,0,0,0,0,0,0
concentrarsi,0,0,0,0,0,0,0,0
marcia,0,0,0,0,0,0,0,0
pedinare,0,0,0,0,0,0,0,0
perseguitare,1,0,0,1,0,0,0,0
seguito,0,0,0,0,0,0,0,1
trenino,0,0,0,0,0,0,0,0
faro,0,1,0,0,0,0,0,0
lampadina,0,0,0,0,0,0,0,0
alzarsi,0,0,0,0,0,0,0,0
rivincita,0,0,0,0,0,0,0,0
risalita,0,0,0,0,0,0,0,0
salita,0,1,0,1,0,0,0,0
telecamera,0,0,0,0,0,0,0,0
abbreviare,0,0,0,0,0,0,0,0
accorciare,0,0,0,0,0,0,0,0
allungare,0,0,0,0,0,0,0,0
analizzare,0,0,0,0,0,0,0,0
diminuire,0,1,0,0,0,1,0,0
manoscritto,0,0,0,0,0,0,0,0
polimeri,0,0,0,0,0,0,0,0
produrre,0,0,0,0,0,0,0,0
riassumere,0,0,0,0,0,0,0,0
ridurre,0,0,0,0,0,0,0,0
rimpicciolire,0,0,0,0,0,0,0,0
schematizzare,0,0,0,0,0,0,0,0
sintonizzare,0,0,0,0,0,0,0,0
acuto,0,0,0,0,0,0,0,0
altoparlante,0,0,0,0,0,0,0,0
barriera,0,0,0,0,0,0,0,0
frequenza,0,0,0,0,0,0,0,0
megafono,0,0,0,0,0,0,0,0
melodia,0,0,0,0,1,0,0,0
muro,0,0,0,0,0,0,0,0
stridio,0,0,0,0,0,0,0,0
sveglia,0,0,0,0,0,0,0,0
ticchettio,0,0,0,0,0,0,0,0
udito,0,0,0,0,0,0,0,0
argine,0,0,0,0,0,0,0,1
azzurro,0,0,0,0,0,0,0,0
foce,0,0,0,0,0,0,0,0
piena,0,0,0,0,0,0,0,0
isonzo,0,0,0,0,0,0,0,0
pianura,0,0,0,0,0,0,0,0
po,1,0,0,0,0,0,0,0
portata,0,0,0,0,0,0,0,0
profondità,0,0,0,0,0,0,0,1
riva,0,0,0,0,0,0,0,0
scorrevolezza,0,0,0,0,0,0,0,0
tigre,0,0,0,0,0,0,0,0
torrente,0,0,0,1,0,0,0,0
volga,0,0,0,0,0,1,0,0
cardiologo,0,0,0,0,0,0,0,0
brillantezza,0,0,0,0,0,0,0,0
diamante,0,0,0,0,1,0,0,0
frizzante,0,0,0,0,0,0,0,0
marmo,0,0,0,0,0,0,0,0
quarzo,0,0,0,0,0,0,0,0
topazio,0,0,0,0,0,0,0,0
robustezza,0,0,0,0,0,0,0,0
sanità,0,0,0,0,0,0,0,0
adesso,0,0,0,0,0,0,0,0
ascendente,0,0,0,0,0,0,0,0
avversità,1,0,0,1,0,1,0,0
continua,0,0,0,0,0,0,0,0
conto,0,0,0,0,0,0,0,0
contro,1,0,0,0,0,0,0,0
enel,0,0,0,0,0,0,0,0
generatore,0,0,0,0,0,0,0,0
intensità,0,0,0,0,0,0,0,0
ioni,0,0,0,0,0,0,0,0
red_hot_chili_pepper,0,0,0,0,0,0,0,0
scossa,0,0,0,0,0,0,1,0
servizi,0,0,0,0,0,0,0,0
spina,0,0,0,0,0,0,0,0
volta,0,1,0,0,0,0,0,0
alimentazione,0,0,0,0,0,0,0,0
caloria,0,0,0,0,0,0,0,0
dietologo,0,0,0,0,0,0,0,0
dimagrire,0,0,0,0,0,0,0,0
dolci,0,1,0,0,1,0,1,1
fame,0,0,0,0,0,0,0,0
grassi,0,0,1,0,0,1,0,0
grasso,0,0,1,0,0,1,0,0
integratori,0,0,0,0,0,0,0,0
mediterranea,0,0,0,0,0,0,0,0
metabolismo,0,0,0,0,0,0,0,0
salato,0,0,0,0,0,0,0,0
sana,0,0,0,0,1,0,0,1
bande,1,0,0,1,0,0,0,0
chiaroscuro,0,0,0,0,0,0,0,0
elettromagnetico,0,0,0,0,0,0,0,0
ottica,0,0,0,0,0,0,0,0
raggi,0,0,0,0,0,0,0,0
rifrazione,0,0,0,0,0,0,0,0
barattolo,0,0,0,0,0,0,0,0
fondale,0,0,0,0,0,0,0,0
nuoto,0,0,0,0,0,0,0,0
perdizione,1,0,1,1,0,1,0,0
piatto,0,0,0,0,0,0,0,0
residuo,0,0,0,0,0,0,0,0
scatola,0,0,0,0,0,0,0,0
sopra,0,0,0,0,0,0,0,0
acido_formico,0,0,0,0,0,0,0,0
antenne,0,0,0,0,0,0,0,0
briciola,0,0,0,0,0,0,0,0
colonia,0,0,0,0,0,0,0,0
formicaio,0,0,0,0,0,0,0,0
laboriose,0,0,0,0,0,0,0,0
miniatura,0,0,0,0,0,0,0,0
piccoli,0,0,0,0,0,0,0,0
regina,0,0,0,0,0,0,0,0
stivale,0,0,0,0,0,0,0,0
tana,0,0,0,0,0,0,0,0
veleno,1,0,1,1,0,1,0,0
bipolare,0,0,0,0,0,0,0,0
brucia,0,0,0,0,0,0,0,0
congelato,0,0,0,0,0,0,0,0
frigo,0,0,0,0,0,0,0,0
pattinaggio,0,0,0,0,0,0,0,0
solidificazione,0,0,0,0,0,0,0,0
alte,0,0,0,0,0,0,0,0
altura,0,0,0,0,0,0,0,0
einaudi,0,0,0,0,0,0,0,0
grigie,0,0,1,0,0,1,0,0
morbido,0,0,0,0,0,0,0,0
morbidezza,0,0,0,0,0,0,0,0
panna,0,0,0,0,0,0,0,0
pecora,0,0,0,0,0,0,0,0
precipitazioni,0,0,0,0,0,0,0,0
zucchero_filato,0,0,0,0,0,0,0,0
acquario,0,0,0,0,0,0,0,0
aprile,0,0,0,0,0,0,0,0
carne,0,0,1,0,0,0,0,0
fosforo,0,0,0,0,0,0,0,0
gambero,0,0,0,0,0,0,0,0
merluzzo,0,0,0,0,0,0,0,0
muto,0,0,0,0,0,0,0,0
oviparo,0,0,0,0,0,0,0,0
oviviparo,0,0,0,0,0,0,0,0
pagliaccio,0,0,0,0,0,0,0,0
ristorante,0,0,0,0,0,0,0,0
salmone,0,0,0,0,0,0,0,0
spada,0,0,0,0,0,0,0,0
spiaggia,0,0,0,0,1,0,0,0
cina,0,0,0,0,0,0,0,0
creta,0,0,0,0,0,0,0,0
fucxia,0,0,0,0,0,0,0,0
mensola,0,0,0,0,0,0,0,0
pandora,0,0,0,0,0,0,0,0
porcellana,0,0,0,0,0,0,0,0
recipiente,0,0,0,0,0,0,0,0
apparato,0,0,0,0,0,0,0,0
capsula,0,0,0,0,0,0,0,0
citoplasma,0,0,0,0,0,0,0,0
eucariote,0,0,0,0,0,0,0,0
membrana,0,0,0,0,0,0,0,0
monocellulare,0,0,0,0,0,0,0,0
nucleolo,0,0,0,0,0,0,0,0
parete_cellulare,0,0,0,0,0,0,0,0
procariote,0,0,0,0,0,0,0,0
respirazione,0,0,0,0,0,0,0,0
ribosomi,0,0,0,0,0,0,0,0
staminale,0,0,0,0,0,0,0,0
uovo,0,0,0,0,0,0,0,0
asteroide,0,0,0,1,0,0,0,0
contusione,0,0,0,0,0,0,0,0
danneggiamento,0,0,0,0,0,0,0,0
frontale,0,0,0,0,0,0,0,0
impatto,0,0,0,0,0,0,0,0
metalli,0,0,0,0,0,0,0,0
orogenesi,0,0,0,0,0,0,0,0
placche,0,0,0,0,0,0,0,0
razzo,1,0,0,0,0,0,0,0
rottura,0,0,0,0,0,0,0,0
schianto,0,0,0,0,0,0,0,0
urto,0,0,0,0,0,0,0,0
affinità,0,0,0,0,0,0,0,0
cavo,0,0,0,0,0,0,1,0
costoso,0,0,0,0,0,0,0,0
lan,0,0,0,0,0,0,0,0
somiglianze,0,0,0,0,0,0,0,0
utili,0,0,0,0,1,0,0,1
meraviglia,0,0,0,0,1,0,1,0
ozono,0,0,0,0,0,0,0,0
stupore,0,0,0,0,1,0,1,0
cancerogeno,0,0,0,0,0,0,0,0
cancro,1,0,1,1,0,1,0,0
danno,0,0,0,0,0,0,0,0
dermatologia,0,0,0,0,0,0,0,0
elettromagnetica,0,0,0,0,0,0,0,0
fosforescente,0,0,0,0,0,0,0,0
giappone,0,0,0,0,0,0,0,0
malformazione,0,0,0,0,0,0,0,0
mutazione,0,0,0,0,0,0,0,0
pet,0,0,0,0,0,0,0,0
radiografia,0,0,0,0,0,0,0,0
raggi_uv,0,0,0,0,0,0,0,0
rovinare,0,0,1,0,0,0,0,0
ultravioletto,0,0,0,0,0,0,0,0
ultravioletta,0,0,0,0,0,0,0,0
uranio,0,0,0,0,0,0,0,0
differenziare,0,0,0,0,0,0,0,0
riusare,0,0,0,0,0,0,0,0
riuso,0,0,0,0,0,0,0,0
riutilizzare,0,0,0,0,0,0,0,0
successione,0,0,0,0,0,0,0,0
braccia,0,0,0,0,0,0,0,0
femminile,0,0,0,0,0,0,0,0
maschile,0,0,0,0,0,0,0,0
sensuale,0,1,0,0,1,0,1,1
studentesco,0,0,0,0,0,0,0,0
arancione,0,0,0,0,0,0,0,0
ardore,0,0,0,0,0,0,0,0
bollente,0,0,0,0,0,0,0,0
bruciare,0,0,0,0,0,0,0,0
bruciarsi,0,0,0,0,0,0,0,0
camino,0,0,0,0,0,0,0,0
combustione,0,0,0,0,0,0,0,0
fatuo,0,0,0,0,0,0,0,0
fiamma,0,0,0,0,0,0,0,0
legna,0,0,0,0,0,0,0,0
pompieri,0,0,0,0,0,0,0,0
scottatura,0,0,0,0,0,0,0,0
vulcano,0,0,0,1,0,0,1,0
campo_elettrico,0,0,0,0,0,0,0,0
cariche,0,0,0,0,0,0,0,0
coulomb,0,0,0,0,0,0,0,0
illuminazione,0,0,0,0,1,0,1,1
pannello_solare,0,0,0,0,0,0,0,0
voltaggio,0,0,0,0,0,0,0,0
carico,0,0,0,0,0,0,0,0
repulsione,1,0,1,1,0,0,0,0
antibiotico,0,0,0,0,0,0,0,0
carenza,1,0,0,1,0,1,0,0
coccole,0,0,0,0,0,0,0,0
condizionamento,0,0,0,0,0,0,0,0
deficit,0,0,0,0,0,0,0,0
malessere,0,0,0,0,0,1,0,0
tachipirina,0,0,0,0,0,0,0,0
vaccino,0,0,0,0,0,0,0,0
varicella,0,0,1,1,0,1,0,0
curabile,0,0,0,0,0,0,0,1
diagnosi,0,1,0,1,0,0,0,1
infermità,0,0,0,1,0,0,0,0
nevrosi,0,0,0,0,0,0,0,0
affinità_elettiva,0,0,0,0,0,0,0,0
charme,0,0,0,0,0,0,0,0
actina,0,0,0,0,0,0,0,0
addominali,0,0,0,0,0,0,0,0
adduttore,0,0,0,0,0,0,0,0
antagonista,1,0,1,0,0,0,0,0
atp,0,0,0,0,0,0,0,0
bicipite,0,0,0,0,0,0,0,0
contrazione,0,0,0,0,0,0,0,0
dedizione,0,0,0,0,0,0,0,1
fibra,0,0,0,0,0,0,0,0
flessore,0,0,0,0,0,0,0,0
gastrocnemio,0,0,0,0,0,0,0,0
miosina,0,0,0,0,0,0,0,0
pettorale,0,0,0,0,0,0,0,0
rilassamento,0,0,0,0,1,0,0,0
tricipite,0,0,0,0,0,0,0,0
agonismo,0,0,0,0,0,0,0,0
avversario,1,1,1,1,0,0,0,0
azzardo,0,0,0,0,0,0,0,0
colpo,1,0,0,0,0,0,0,0
errare,0,0,0,0,0,0,0,0
foto,0,0,0,0,0,0,0,0
fredda,0,0,0,0,1,0,0,0
intenzione,0,0,0,0,0,0,0,0
karate,0,0,0,0,0,0,0,0
lotta,1,0,0,1,0,1,0,0
movenza,0,0,0,0,0,0,0,0
pedina,0,0,0,0,0,0,0,0
predeterminazione,0,0,0,0,0,0,0,0
pugilato,0,0,0,0,0,0,0,0
scacco,0,0,0,0,0,0,0,0
spontaneità,0,0,0,0,0,0,0,0
tattica,0,0,0,0,0,0,0,0
wrestling,0,0,0,0,0,0,0,0
appuntita,0,0,0,0,0,0,0,0
barca,0,0,0,0,0,0,0,0
corta,0,0,0,0,0,0,0,0
culmine,0,0,0,0,0,0,0,0
iceberg,0,0,0,0,0,0,0,0
prosciutto,0,0,0,0,0,0,0,0
puntare,0,0,0,0,0,0,0,0
tacco,0,0,0,0,0,0,0,0
carati,0,0,0,0,0,0,0,0
circolare,0,0,0,0,0,0,0,0
collana,0,0,0,0,0,0,0,0
coppia,0,0,0,0,0,0,0,0
dito,0,0,0,0,0,0,0,0
fede,0,1,0,0,1,0,0,1
fidanzamento,0,0,0,0,0,0,0,0
nozze,0,0,0,0,0,0,0,0
perla,0,0,0,0,0,0,0,0
sposa,0,1,0,1,1,0,1,1
tolkien,0,0,0,0,0,0,0,0
dispersione,0,0,0,0,0,0,0,0
emissione,0,0,0,0,0,0,0,0
irraggiamento,0,0,0,0,0,0,0,0
joule,0,0,0,0,0,0,0,0
latente,1,1,1,0,0,0,1,0
riscaldamento,0,0,0,0,0,0,0,0
scaldare,0,0,0,0,0,0,0,0
stufa,0,0,0,0,0,0,0,0
termica,0,0,0,0,0,0,0,0
termosifone,0,0,0,0,0,0,0,0
binocolo,0,0,0,0,0,0,0,0
d'ingrandimento,0,0,0,0,0,0,0,0
focus,0,0,0,0,0,0,0,0
ingrandimento,0,0,0,0,0,0,0,0
lumaca,0,0,1,0,0,0,0,0
occhiali,0,0,0,0,0,0,0,0
giove,0,0,0,0,0,0,0,0
hubble,0,0,0,0,0,0,0,0
microorganismi,0,0,0,0,0,0,0,0
occhio,0,0,0,0,0,0,0,0
stelle,0,1,0,0,1,0,0,1
visuale,0,0,0,0,0,0,0,0
cellulosa,0,0,0,0,0,0,0,0
fuso,0,0,0,0,0,0,0,0
gameti,0,0,0,0,0,0,0,0
ovocita,0,0,0,0,0,0,0,0
bidone,0,0,0,0,0,0,0,0
compatto,0,0,0,0,0,0,0,1
diviso,0,0,0,0,0,0,0,0
latte,0,0,0,0,0,0,0,0
spezzato,0,0,0,0,0,0,0,0
yogurt,0,0,0,0,0,0,0,0
alterazione,0,0,0,0,0,0,0,0
danneggiare,0,0,0,0,0,0,0,0
deformare,0,0,1,0,0,0,0,0
falsificare,0,0,1,0,0,0,0,0
inficiare,0,0,0,0,0,0,0,0
innervosire,0,0,0,0,0,0,0,0
ira,1,0,0,0,0,0,0,0
irritare,1,0,0,0,0,0,0,0
isteria,0,0,0,1,0,0,0,0
stizza,0,0,0,0,0,0,0,0
stravolgere,0,0,0,0,0,0,0,0
travisare,0,0,0,0,0,0,0,0
variare,0,0,0,0,0,0,0,0
velocizzare,0,0,0,0,0,0,0,0
abusiva,0,0,0,0,0,0,0,0
adrenalina,0,0,0,0,0,0,0,0
energetica,0,0,0,0,0,0,0,0
lampo,0,0,0,0,0,0,1,0
produzione,0,1,0,0,0,0,0,0
rc,0,0,0,0,0,0,0,0
aulico,0,0,0,0,0,0,0,0
bocca,0,0,0,0,0,0,1,0
consono,0,0,0,0,0,0,0,0
correttezza,0,0,0,0,0,0,0,1
creativo,0,0,0,0,0,0,0,0
cruente,0,0,0,0,0,0,0,0
dialettica,0,0,0,0,0,0,0,0
dialetto,0,0,0,0,0,0,0,0
folto,0,0,0,0,0,0,0,0
yiddish,0,0,0,0,0,0,0,0
illustre,0,0,0,0,0,0,0,0
lessicale,0,0,0,0,0,0,0,0
moderato,0,0,0,0,0,0,0,0
ricercato,0,0,0,0,0,0,0,0
scurrile,0,0,0,0,0,0,0,0
temi,0,0,0,0,0,0,0,0
neurochirurgo,0,0,0,0,0,0,0,0
assurdità,0,0,0,0,0,0,0,0
assurdo,1,0,0,0,0,0,0,0
contesto,0,0,0,0,0,0,0,0
contraddizione,0,0,0,0,0,0,0,0
dosso,0,0,0,0,0,0,0,0
impensabile,1,0,1,1,0,0,0,0
incongruenza,0,0,0,0,0,0,0,0
ineccepibile,0,0,0,0,0,0,0,0
spaziale,0,0,0,0,0,0,0,0
zenone,0,0,0,0,0,0,0,0
calcarea,0,0,0,0,0,0,0,0
carsica,0,0,0,0,0,0,0,0
chiellini,0,0,0,0,0,0,0,0
costa,0,0,0,0,0,0,0,0
dura,0,0,0,0,0,0,0,0
ignea,0,0,0,0,0,0,0,0
lavica,0,0,0,0,0,0,0,0
levigata,0,0,0,0,0,0,0,0
magmatica,0,0,0,0,0,0,0,0
magritte,0,0,0,0,0,0,0,0
marmorea,0,0,0,0,0,0,0,0
marrone,0,0,0,0,0,0,0,0
masso,0,0,0,0,0,0,0,0
metamorfiche,0,0,0,0,0,0,0,0
millenaria,0,0,0,0,0,0,0,0
natural,0,0,0,0,0,0,0,0
scoglio,0,0,0,0,0,0,0,0
sedimentare,0,0,0,0,0,0,0,0
sedimentaria,0,0,0,0,0,0,0,0
tufo,0,0,0,0,0,0,0,0
vissuto,0,0,0,0,0,0,0,0
vulcanica,0,0,0,0,0,0,0,0
adsl,0,0,0,0,0,0,0,0
giunzioni,0,0,0,0,0,0,0,0
usb,0,0,0,0,0,0,0,0
animazione,0,0,0,0,0,0,0,0
contatti,0,0,0,0,0,0,0,0
empatia,0,0,0,0,0,0,0,0
esclamazione,0,0,0,0,0,0,0,0
oratorio,0,0,0,0,0,0,0,0
partecipare,0,0,0,0,0,0,0,1
apparenza,0,0,0,0,0,0,0,0
effettivo,0,0,0,0,0,0,0,0
materialismo,0,0,0,0,0,0,0,0
me,0,0,0,0,0,0,0,0
palpabile,0,0,0,0,0,0,1,0
pragmatico,0,0,0,0,0,0,0,0
toccare,0,0,0,0,0,0,0,0
utilizzabile,0,0,0,0,0,0,0,0
visibile,0,0,0,0,0,0,0,0
collezione,0,0,0,0,0,0,0,0
cronologico,0,0,0,0,0,0,0,0
fenice,0,0,0,0,0,0,0,0
giustizia,0,0,0,0,0,0,0,1
imperativo,0,0,0,0,0,0,0,0
online,0,0,0,0,0,0,0,0
spedire,0,0,0,0,0,0,0,0
apparire,0,0,0,0,0,0,0,0
comparare,0,0,0,0,0,0,0,0
condividere,0,1,0,0,1,0,0,1
eccentrico,0,0,0,0,0,0,0,0
esibire,0,0,0,0,0,0,0,0
esposizione,0,0,0,0,0,0,0,0
evidenza,0,0,0,0,0,0,0,0
novanta,0,0,0,0,0,0,0,0
pubblicare,0,0,0,0,0,0,0,0
raffigurare,0,0,0,0,0,0,0,0
rappresentare,0,0,0,0,0,0,0,0
ritratto,0,0,0,0,0,0,0,0
vantarsi,0,0,0,0,0,0,0,0
colorare,0,0,0,0,0,0,0,0
dipingere,0,0,0,0,0,0,0,0
galleria,0,0,0,0,0,0,0,0
manga,0,0,0,0,0,0,0,0
mistificazione,0,0,0,0,0,0,0,0
murales,0,0,0,0,0,0,0,0
scarabocchio,0,0,0,0,0,0,0,0
sfogo,1,0,0,1,1,1,1,0
barcellona,0,0,0,0,0,0,0,0
giotto,0,0,0,0,0,0,0,0
impressionismo,0,0,0,0,0,0,0,0
munch,0,0,0,0,0,0,0,0
novecento,0,0,0,0,0,0,0,0
pennello,0,0,0,0,0,0,0,0
pittore,0,0,0,0,0,0,0,0
raffaello,0,0,0,0,0,0,0,0
tela,0,0,0,0,0,0,0,0
uniformità,0,0,0,0,0,0,0,0
beethoven,0,0,0,0,0,0,0,0
composito,0,0,0,0,0,0,0,0
f,0,0,0,0,0,0,0,0
justin,0,0,0,0,0,0,0,0
maestro_d'orchestra,1,0,0,0,1,1,0,1
mozart,0,0,0,0,0,0,0,0
musicista,0,0,0,0,0,0,0,0
pianoforte,0,0,0,0,0,0,0,0
sinfonia,0,1,0,0,1,0,0,0
spartito,0,0,0,0,0,0,0,0
fumettista,0,0,0,0,0,0,0,0
geometra,0,0,0,0,0,0,0,0
illustratore,0,0,0,0,0,0,0,0
paesaggio,0,0,0,0,0,0,0,0
presuntuoso,1,0,1,0,0,0,0,0
progettista,0,0,0,0,0,0,0,0
rappresentazione,0,0,0,0,0,0,0,0
talento,0,0,0,0,0,0,0,0
cilindrasse,0,0,0,0,0,0,0,0
nervi,0,0,0,0,0,0,0,0
sclerosi_multipla,0,0,0,0,0,0,0,0
sistema_nervoso,0,0,0,0,0,0,0,0
7,0,0,0,0,0,0,0,0
agent,0,0,0,0,0,0,0,0
atmosferico,0,0,0,0,0,0,0,0
attivo,0,0,0,0,0,0,0,0
browser,0,0,0,0,0,0,0,0
complemento,0,1,0,0,1,0,1,1
divisa,0,0,0,0,0,0,0,0
elettrofilo,0,0,0,0,0,0,0,0
finanziario,0,0,0,0,0,0,0,0
incognito,0,0,0,0,0,0,0,0
investigazione,0,0,0,0,0,0,0,0
mutageno,0,0,0,0,0,0,0,0
passivo,0,0,0,0,0,0,0,0
patogeno,0,0,0,0,0,0,0,0
trader,0,0,0,0,0,0,0,0
vigilare,0,0,0,0,0,0,0,0
vigili,0,0,0,1,0,0,0,1
cacofonia,1,0,1,0,0,0,0,0
concerto,0,0,0,0,0,0,0,0
identità,0,0,0,0,0,0,0,0
psicologica,0,0,0,1,0,0,0,0
viso,0,0,0,0,0,0,0,0
andromeda,0,0,0,0,0,0,0,0
carro,0,0,0,0,0,0,0,0
carro_maggiore,0,0,0,0,0,0,0,0
illusione,1,0,0,1,0,1,1,0
libra,0,0,0,0,0,0,0,0
orione,0,0,0,0,0,0,0,0
orsa,0,0,0,0,0,0,0,0
orsa_maggiore,0,0,0,0,0,0,0,0
piccolo_carro,0,0,0,0,0,0,0,0
pleiadi,0,0,0,0,0,0,0,0
san_lorenzo,0,0,0,0,0,0,0,0
simbolica,0,0,0,0,0,0,0,0
stella_polare,0,0,0,0,0,0,0,0
venere,0,0,0,0,0,0,0,0
zodiaco,0,0,0,0,0,0,0,0
leva,0,0,0,0,0,0,0,0
consigliare,0,0,0,0,0,0,0,1
convezione,0,0,0,0,0,0,0,0
corrompere,1,0,1,1,0,1,0,0
effetto,0,0,0,0,0,0,0,0
elettrizzare,0,0,0,0,0,0,0,0
induttanza,0,0,0,0,0,0,0,0
lana,0,0,0,0,0,0,0,0
portare,0,0,0,0,0,0,0,0
riscaldare,0,0,0,0,0,0,0,0
transito,0,0,0,0,0,0,0,0
transizione,0,0,0,0,0,0,0,0
caraibi,0,0,0,0,0,0,0,0
spa,0,0,0,0,0,0,0,0
vasca,0,0,0,0,0,0,0,0
welfare,0,0,0,0,0,0,0,0
cattura,0,0,0,0,0,0,0,0
flauto,0,0,0,0,0,0,0,0
funzionalità,0,0,0,0,0,0,0,0
manuale,0,0,0,0,0,0,0,1
musicale,1,1,0,0,1,1,1,1
tortura,1,1,1,1,0,1,0,0
utilizzato,0,0,0,0,0,0,0,0
zappa,0,0,0,0,0,0,0,0
emma,0,0,0,0,0,0,0,0
gemma,0,0,0,0,1,0,0,0
jane_austen,0,0,0,0,0,0,0,0
renna,0,0,0,0,0,0,0,0
sinonimo,0,0,0,1,0,0,0,1
termine,0,0,0,0,0,0,0,0
abbronzata,0,0,0,0,0,0,0,0
bruciore,0,0,0,0,0,0,0,0
capello,0,0,0,0,0,0,0,0
chiara,0,0,0,0,0,0,0,0
curata,0,0,0,0,0,0,0,0
epidermide,0,0,0,0,0,0,0,0
eritema,0,0,0,0,0,0,0,0
fratellanza,0,0,0,0,0,0,0,0
ghiandola,0,0,0,0,0,0,0,0
indole,0,0,0,0,0,0,0,0
macchiata,0,0,0,0,0,1,0,0
morbida,0,0,0,0,0,0,0,0
pelo,0,0,0,0,0,0,0,0
pulita,0,0,0,0,0,0,0,0
razzismo,0,0,0,0,0,0,0,0
rivestimento,0,0,0,0,0,0,0,0
rovinata,0,0,1,0,0,0,0,0
scura,0,0,0,0,0,1,0,0
sporca,0,0,1,0,0,0,0,0
squama,0,0,0,0,0,0,0,0
squamoso,0,0,0,0,0,0,0,0
unghia,0,0,0,0,0,0,0,0
cometa,0,0,0,0,0,0,0,0
Hannah_montana,0,0,0,0,0,0,0,0
harvey,0,0,0,0,0,0,0,0
immensità,0,0,0,0,0,0,0,0
irraggiungibili,1,0,0,0,0,1,0,0
oroscopo,0,1,0,0,0,0,0,0
caratteriale,0,0,0,0,0,0,0,0
climatico,0,0,0,0,0,0,0,0
graduale,0,1,0,0,0,0,0,0
liposuzione,0,0,0,0,0,0,0,0
mutamento,0,0,0,0,0,0,0,0
peggioramento,0,0,1,0,0,1,0,0
progressisti,0,0,0,0,0,0,0,0
repentino,0,0,0,0,0,0,0,0
ristrutturazione,0,1,0,0,1,0,0,0
andare,0,0,0,0,0,0,0,0
sanguigno,0,0,0,0,0,0,0,0
avanzare,0,1,0,1,1,0,1,0
espandere,0,0,0,0,0,0,0,0
formare,0,0,0,0,0,0,0,0
acquisto,0,0,0,0,0,0,0,0
bancarelle,0,0,0,0,0,0,0,0
commerciante,0,0,0,0,0,0,0,0
comprato,0,0,0,0,0,0,0,0
compravendita,0,0,0,0,0,0,0,0
disuguaglianza,1,0,0,1,0,1,0,0
domenica,0,0,0,0,1,0,0,0
liquidità,0,0,0,0,0,0,0,0
nonna,0,0,0,0,0,0,0,1
offerta,0,0,0,0,0,0,0,0
passeggiata,0,0,0,0,0,0,0,0
saldi,0,0,0,0,0,0,0,0
usato,0,0,0,0,0,0,0,0
venerdì,0,0,0,0,1,0,0,0
voci,0,0,0,0,0,0,0,0
bancarotta,0,0,0,0,0,0,0,0
depressione,0,0,0,1,0,1,0,0
fail,0,0,0,0,0,0,0,0
negatività,0,0,0,0,0,0,0,0
rassegnazione,0,0,0,0,0,0,0,0
sconfitta,0,0,0,0,0,0,0,0
umiliazione,0,0,1,0,0,1,0,0
abbandono,1,0,0,1,0,1,1,0
agonia,1,0,0,1,0,1,0,0
azkabam,0,0,0,0,0,0,0,0
carcerato,0,0,0,0,0,0,0,0
cella,0,0,0,0,0,0,0,0
detenuto,0,0,0,0,0,0,0,0
isolamento,0,0,0,1,0,1,0,1
magro,0,0,0,0,0,0,0,0
marò,0,0,0,0,0,0,0,0
penitenziario,1,0,0,0,0,0,0,0
reclusione,1,0,1,1,0,1,0,0
sbarre,0,0,0,0,0,0,0,0
spaccio,0,0,0,0,0,0,0,0
urlare,0,0,0,0,0,0,0,0
vestito_a_righe,0,0,0,0,0,0,0,0
chiave,0,0,0,0,0,0,0,0
altro,0,0,0,0,0,0,0,0
incollare,0,0,0,0,0,0,0,0
mutare,0,0,0,0,0,0,0,0
sostituire,0,0,0,0,0,0,0,0
trasformare,0,0,0,0,0,0,0,0
plot,0,0,0,0,0,0,0,0
contorno,0,0,0,0,0,0,0,0
delimitare,0,0,0,0,0,0,0,0
estremità,0,0,0,0,0,0,0,0
margine,0,0,0,0,0,1,0,0
piscina,0,0,0,0,0,0,0,0
pizzo,1,0,0,1,0,1,0,1
strapiombo,0,0,0,0,0,0,0,0
curvilineo,0,0,0,0,0,0,0,0
discontinuità,0,0,1,1,0,1,0,0
insicurezza,0,0,0,1,0,0,0,0
irregolare,0,0,0,0,0,0,1,0
spezzettato,0,0,0,0,0,0,0,0
squilibrato,0,0,0,0,0,0,0,0
aspettative,0,1,0,0,0,0,0,0
estetico,0,0,0,0,0,0,0,0
panoramica,0,0,0,0,0,0,0,0
tinta,0,0,0,0,0,0,0,0
balena,0,0,0,0,0,0,0,0
cane,0,0,0,0,0,0,0,0
delfino,0,0,0,0,1,0,1,1
gatto,0,0,0,0,0,0,0,0
mammut,0,0,0,0,0,0,0,0
parto,0,0,0,0,0,0,0,0
umani,0,0,0,0,0,0,0,0
annientare,1,0,0,1,0,0,0,0
comandare,0,0,0,0,0,0,0,1
discoteca,0,0,0,0,0,0,0,0
dissolvere,0,0,0,0,0,0,0,0
divorzio,1,0,1,1,0,1,1,1
escludere,0,0,0,0,0,0,0,0
scindere,0,0,0,0,0,0,0,0
scomposizione,0,0,0,0,0,0,0,0
staccare,0,0,0,0,0,0,0,0
strappare,0,0,0,0,0,0,0,0
unire,0,1,0,0,0,0,0,0
autonomo,0,0,0,0,0,0,0,0
istituzioni,0,0,0,0,0,0,0,0
padre,0,0,0,0,0,0,0,1
sindaco,0,0,0,0,0,0,0,0
correnti,0,0,0,0,0,0,0,0
greco,0,0,0,0,0,0,0,0
kant,0,0,0,0,0,0,0,0
kierkegaard,0,0,0,0,0,0,0,0
pensatore,0,0,0,0,0,0,0,0
saggi,0,0,0,0,0,0,0,1
speculazione,0,0,0,1,0,1,0,0
alleanza,0,0,0,0,0,0,0,0
amichevole,0,1,0,0,1,0,0,1
concordato,0,0,0,0,0,0,0,0
cooperazione,0,0,0,0,0,0,0,1
firmare,0,0,0,0,0,0,0,0
intesa,0,0,0,0,0,0,0,0
patto,0,0,0,0,0,0,0,1
tradire,1,0,1,0,0,1,1,0
incubo,0,0,1,1,0,0,0,0
lupo,0,0,0,0,0,0,0,0
preistorico,0,0,0,0,0,0,0,0
automobilistico,0,0,0,0,0,0,0,0
croce,0,0,0,0,0,0,0,0
etichetta,0,0,0,0,0,0,0,1
firmato,0,0,0,0,0,0,0,0
impresso,0,0,0,0,0,0,0,0
marca,0,0,0,0,0,0,0,0
stemma,0,0,0,0,0,0,0,0
androide,0,0,0,0,0,0,0,0
indipendente,0,0,0,0,1,0,0,0
comodo,0,0,0,0,1,0,0,0
cordless,0,0,0,0,0,0,0,0
elaboratore,0,0,0,0,0,0,0,0
ricaricabile,0,0,0,0,0,0,0,0
software,0,0,0,0,0,0,0,0
tascabile,0,0,0,0,0,0,0,0
ventilatore,0,0,0,0,0,0,0,0
canto,1,1,0,0,1,0,1,0
finale,0,0,0,0,0,0,0,0
mostra,0,0,0,0,0,0,0,1
palco,0,0,0,0,0,0,0,0
pubblica,0,1,0,0,0,0,0,0
berlino,0,0,0,0,0,0,0,0
conclusione,0,0,0,0,0,0,0,0
episcopale,0,0,0,0,0,0,0,1
hotel,0,0,0,0,0,0,0,0
stampa,0,0,0,0,0,0,0,0
calciatore,0,0,0,0,0,0,0,0
dado,0,0,0,0,0,0,0,0
fuoriclasse,0,0,0,0,0,0,0,0
jordan,0,0,0,0,0,0,0,0
Kobe_Bryant,0,0,0,0,0,0,0,0
messi,0,0,0,0,0,0,0,0
pallacanestro,0,1,0,0,1,0,0,0
cacciatore,0,1,0,1,0,1,0,0
gazzella,0,0,0,0,0,0,0,0
rapace,0,0,0,0,0,0,0,0
selvaggio,0,0,0,0,0,0,1,0
infezione,0,0,0,1,0,0,0,0
micosi,0,0,0,0,0,0,0,0
muffa,0,0,1,0,0,0,0,0
porcino,0,0,0,0,0,0,0,0
raccogliere,0,0,0,0,0,0,0,0
vomito,0,0,0,0,0,0,0,0
agitare,0,0,0,0,0,0,0,0
amalgamare,0,0,0,0,0,0,0,0
cocktail,0,0,0,0,0,0,0,0
frullatore,0,0,0,0,0,0,0,0
frullino,0,0,0,0,0,0,0,0
frusta,0,0,0,0,0,0,0,0
girare,0,0,0,0,0,0,0,0
impasto,0,0,0,0,0,0,0,0
mestolo,0,0,0,0,0,0,0,0
mischiare,0,0,0,0,0,0,0,0
chiamare,0,0,0,0,0,0,0,0
dialogare,0,0,0,0,0,0,0,0
educare,0,0,0,0,0,0,0,0
gesticolare,0,0,0,0,0,0,0,0
gridare,0,0,0,0,0,0,0,0
offesa,1,0,1,1,0,1,0,0
agglomerati,0,0,0,0,0,0,0,0
pene,1,0,0,1,0,1,0,0
rondine,0,0,0,0,0,0,0,0
sesso,0,1,0,0,1,0,0,1
"1,2,3",0,0,0,0,0,0,0,0
brillare,0,1,0,0,1,0,1,0
siderale,0,0,0,0,0,0,0,0
tempesta,1,1,0,1,0,1,1,0
alazio,0,0,0,0,0,0,0,0
gusto,0,0,0,0,0,0,0,0
naso,0,0,1,0,0,0,0,0
olfatto,0,0,0,0,0,0,0,0
pietanza,0,0,0,0,0,0,0,0
spezia,0,0,0,0,0,0,0,0
alcol,0,0,0,0,0,0,0,0
ali,0,0,0,0,0,0,0,0
aquila,0,0,0,0,0,0,0,1
canarino,0,0,0,0,0,0,0,0
parrocchetto,0,0,0,0,0,0,0,0
piccione,0,0,0,0,0,0,0,0
piuma,0,0,0,0,0,0,0,0
upupa,0,0,0,0,0,0,0,0
guardaroba,0,0,0,0,0,0,0,0
saldatura,0,0,0,0,0,0,0,0
canarie,0,0,0,0,0,0,0,0
cocco,0,0,0,0,0,0,0,0
deserta,1,0,1,1,0,1,0,0
hawaii,0,0,0,0,0,0,0,0
isolata,0,0,0,1,0,1,0,0
maldive,0,0,0,0,0,0,0,0
naufrago,0,0,0,0,0,0,0,0
palma,0,0,0,0,0,0,0,0
penisole,0,0,0,0,0,0,0,0
piacere,0,0,0,0,1,0,0,0
remota,0,0,0,0,0,0,0,0
sardegna,0,0,0,0,0,0,0,0
sicilia,0,0,0,0,0,0,0,0
call_center,0,0,0,0,0,0,0,0
cristianesimo,0,0,0,0,0,0,0,0
effettuata,0,0,0,0,0,0,0,0
mancanza,0,0,0,0,0,0,0,0
persa,0,0,0,0,0,0,0,0
ricevimento,0,0,0,0,0,0,0,0
ricevuta,0,1,0,0,1,0,1,0
rispondere,0,0,0,0,0,0,0,0
suoneria,1,0,0,0,0,0,0,0
vocazione,0,0,0,0,0,0,0,0
doppio,0,0,0,0,0,0,0,0
stabilizzatore,0,0,0,0,0,0,0,0
arcipelago,0,0,0,0,0,0,0,0
argilla,0,0,0,0,0,0,0,0
cucchiaio,0,0,0,0,0,0,0,0
forchetta,0,0,0,0,0,0,0,0
audiometria,0,0,0,0,0,0,0,0
otorino,0,0,0,0,0,0,0,0
